market,market_label,horizon,bucket_type,bucket,observations,avg_return_pct,median_return_pct,hit_rate_pct,avg_drawdown_pct,worst_drawdown_pct,volatility_pct,sharpe_like,unconditional_avg_return_pct,diff_vs_unconditional_pct,welch_t_stat_vs_rest,approx_p_value_vs_rest
sp500,S&P 500,1d,regime,Mixed,321,0.036796,0.111606,57.632399,-0.372412,-11.98405,1.304992,0.028196,0.055159,-0.018363,-0.52246,0.60135
sp500,S&P 500,1d,regime,Caution,21,-0.130135,-0.244261,38.095238,-0.459278,-2.95181,1.059813,-0.122791,0.055159,-0.185295,-0.811962,0.416813
sp500,S&P 500,1d,regime,Risk-On,93,0.160382,0.015506,52.688172,-0.3171,-2.140012,1.231182,0.130267,0.055159,0.105223,0.91986,0.357646
sp500,S&P 500,1d,score_sign,Negative,136,0.024214,0.094274,54.411765,-0.32965,-2.99688,0.952053,0.025433,0.055159,-0.030945,-0.391209,0.695643
sp500,S&P 500,1d,score_sign,Zero,188,0.099432,0.131575,57.978723,-0.343202,-7.596968,1.202623,0.08268,0.055159,0.044273,0.638861,0.522913
sp500,S&P 500,1d,score_sign,Positive,111,0.018089,0.039832,53.153153,-0.444368,-11.98405,1.692938,0.010685,0.055159,-0.037071,-0.289393,0.77228
sp500,S&P 500,1d,score_intensity,Mild Negative,115,0.0524,0.103128,57.391304,-0.305979,-2.99688,0.933344,0.056142,0.055159,-0.00276,-0.032233,0.974286
sp500,S&P 500,1d,score_intensity,Zero,188,0.099432,0.131575,57.978723,-0.343202,-7.596968,1.202623,0.08268,0.055159,0.044273,0.638861,0.522913
sp500,S&P 500,1d,score_intensity,Caution,15,-0.390157,-0.370179,26.666667,-0.559891,-2.95181,0.975844,-0.399815,0.055159,-0.445316,-1.776306,0.075682
sp500,S&P 500,1d,score_intensity,Extreme Negative,6,0.519919,0.46207,66.666667,-0.207744,-0.655962,1.056662,0.49204,0.055159,0.46476,1.081397,0.27952
sp500,S&P 500,1d,score_intensity,Risk-On,59,0.015571,-0.004137,49.152542,-0.301232,-2.004123,0.849392,0.018332,0.055159,-0.039588,-0.351712,0.725054
sp500,S&P 500,1d,score_intensity,Mild Positive,18,-0.717095,0.155409,55.555556,-1.10192,-11.98405,3.107844,-0.230737,0.055159,-0.772254,-1.096605,0.272814
sp500,S&P 500,1d,score_intensity,Extreme Positive,34,0.411672,0.088361,58.823529,-0.344637,-2.140012,1.689766,0.243627,0.055159,0.356513,1.305324,0.191782
sp500,S&P 500,2d,regime,Mixed,321,0.164498,0.22666,58.566978,-0.548969,-11.98405,1.360437,0.120915,0.154949,0.009549,0.204475,0.837982
sp500,S&P 500,2d,regime,Caution,21,0.143686,0.324299,57.142857,-0.730153,-3.65384,1.711534,0.083952,0.154949,-0.011263,-0.031123,0.975171
sp500,S&P 500,2d,regime,Risk-On,93,0.124534,0.022829,52.688172,-0.651828,-4.800735,1.732577,0.071878,0.154949,-0.030415,-0.198826,0.842399
sp500,S&P 500,2d,score_sign,Negative,136,0.116081,0.144667,55.147059,-0.530053,-3.65384,1.281483,0.090584,0.154949,-0.038868,-0.399956,0.689189
sp500,S&P 500,2d,score_sign,Zero,188,0.260647,0.302469,62.234043,-0.503257,-7.596968,1.352506,0.192714,0.154949,0.105698,1.340005,0.180244
sp500,S&P 500,2d,score_sign,Positive,111,0.02355,0.007051,51.351351,-0.770026,-11.98405,1.806886,0.013033,0.154949,-0.131399,-0.945473,0.344417
sp500,S&P 500,2d,score_intensity,Mild Negative,115,0.11104,0.107026,54.782609,-0.493513,-3.433676,1.196086,0.092837,0.154949,-0.043908,-0.422885,0.672379
sp500,S&P 500,2d,score_intensity,Zero,188,0.260647,0.302469,62.234043,-0.503257,-7.596968,1.352506,0.192714,0.154949,0.105698,1.340005,0.180244
sp500,S&P 500,2d,score_intensity,Caution,15,-0.361033,-0.181247,40.0,-0.939117,-3.65384,1.734009,-0.208207,0.154949,-0.515982,-1.178998,0.238399
sp500,S&P 500,2d,score_intensity,Extreme Negative,6,1.405486,1.367919,100.0,-0.207744,-0.655962,0.789681,1.779815,0.154949,1.250537,3.842273,0.000122
sp500,S&P 500,2d,score_intensity,Risk-On,59,0.088148,0.03456,54.237288,-0.528039,-3.203576,1.270627,0.069374,0.154949,-0.066801,-0.423678,0.6718
sp500,S&P 500,2d,score_intensity,Mild Positive,18,-0.498201,-0.306603,44.444444,-1.380716,-11.98405,2.129839,-0.233915,0.154949,-0.65315,-1.344352,0.178834
sp500,S&P 500,2d,score_intensity,Extreme Positive,34,0.187674,-0.102454,50.0,-0.866638,-4.800735,2.350458,0.079846,0.154949,0.032725,0.086834,0.930803
sp500,S&P 500,3d,regime,Mixed,321,0.194312,0.224064,57.943925,-0.741213,-11.98405,1.913051,0.101572,0.2396,-0.045289,-0.770797,0.440828
sp500,S&P 500,3d,regime,Caution,21,0.610938,0.514526,66.666667,-1.062046,-4.035003,2.2082,0.276668,0.2396,0.371337,0.794122,0.427124
sp500,S&P 500,3d,regime,Risk-On,93,0.312069,0.370234,54.83871,-0.866419,-4.800735,2.089297,0.149366,0.2396,0.072469,0.383249,0.701535
sp500,S&P 500,3d,score_sign,Negative,136,0.230545,0.309515,58.088235,-0.729137,-4.035003,1.621668,0.142165,0.2396,-0.009056,-0.071299,0.94316
sp500,S&P 500,3d,score_sign,Zero,188,0.279139,0.223642,59.042553,-0.724558,-7.77124,2.001182,0.139487,0.2396,0.039538,0.364357,0.715591
sp500,S&P 500,3d,score_sign,Positive,111,0.183729,0.226218,54.954955,-0.949818,-11.98405,2.275811,0.080731,0.2396,-0.055871,-0.313611,0.753816
sp500,S&P 500,3d,score_intensity,Mild Negative,115,0.161082,0.236959,56.521739,-0.668345,-3.862874,1.4924,0.107935,0.2396,-0.078519,-0.585153,0.558445
sp500,S&P 500,3d,score_intensity,Zero,188,0.279139,0.223642,59.042553,-0.724558,-7.77124,2.001182,0.139487,0.2396,0.039538,0.364357,0.715591
sp500,S&P 500,3d,score_intensity,Caution,15,-0.146486,0.043105,53.333333,-1.403767,-4.035003,2.017355,-0.072613,0.2396,-0.386087,-0.75503,0.450231
sp500,S&P 500,3d,score_intensity,Extreme Negative,6,2.504497,2.665465,100.0,-0.207744,-0.655962,1.444167,1.734215,0.2396,2.264896,3.846392,0.00012
sp500,S&P 500,3d,score_intensity,Risk-On,59,0.082369,0.116,52.542373,-0.760412,-3.623887,1.438242,0.057271,0.2396,-0.157231,-0.847471,0.396733
sp500,S&P 500,3d,score_intensity,Mild Positive,18,-0.479358,0.142758,55.555556,-1.380716,-11.98405,3.055216,-0.156898,0.2396,-0.718958,-1.032872,0.301664
sp500,S&P 500,3d,score_intensity,Extreme Positive,34,0.710666,0.662242,58.823529,-1.050372,-4.800735,2.876787,0.247035,0.2396,0.471066,1.017761,0.308792
sp500,S&P 500,1w,regime,Mixed,321,0.25678,0.414904,58.878505,-1.130214,-16.543364,2.510419,0.102286,0.273574,-0.016795,-0.228003,0.819644
sp500,S&P 500,1w,regime,Caution,21,0.040484,0.02349,57.142857,-1.342561,-5.447797,2.39625,0.016895,0.273574,-0.233091,-0.455564,0.648703
sp500,S&P 500,1w,regime,Risk-On,93,0.384177,0.360749,54.83871,-1.271626,-6.00608,2.65382,0.144764,0.273574,0.110603,0.45881,0.64637
sp500,S&P 500,1w,score_sign,Negative,136,0.204305,0.218398,58.823529,-1.058865,-5.681289,1.912757,0.106812,0.273574,-0.069269,-0.439535,0.660274
sp500,S&P 500,1w,score_sign,Zero,188,0.38843,0.562738,60.106383,-1.140196,-16.543364,2.676758,0.145112,0.273574,0.114856,0.813861,0.415724
sp500,S&P 500,1w,score_sign,Positive,111,0.163914,0.321328,53.153153,-1.35938,-14.979602,2.928857,0.055965,0.273574,-0.10966,-0.478104,0.632576
sp500,S&P 500,1w,score_intensity,Mild Negative,115,0.234221,0.22481,59.130435,-1.00706,-5.681289,1.821917,0.128557,0.273574,-0.039354,-0.233687,0.815228
sp500,S&P 500,1w,score_intensity,Zero,188,0.38843,0.562738,60.106383,-1.140196,-16.543364,2.676758,0.145112,0.273574,0.114856,0.813861,0.415724
sp500,S&P 500,1w,score_intensity,Caution,15,-0.609645,-1.272165,46.666667,-1.731491,-5.447797,2.268721,-0.268718,0.273574,-0.88322,-1.527858,0.126548
sp500,S&P 500,1w,score_intensity,Extreme Negative,6,1.665806,1.838906,83.333333,-0.370237,-0.974955,2.02933,0.820865,0.273574,1.392232,1.685699,0.091854
sp500,S&P 500,1w,score_intensity,Risk-On,59,0.267314,0.394604,57.627119,-1.086129,-4.644122,2.030445,0.131653,0.273574,-0.00626,-0.024427,0.980512
sp500,S&P 500,1w,score_intensity,Mild Positive,18,-0.974112,-0.271424,44.444444,-1.812776,-14.979602,3.969329,-0.24541,0.273574,-1.247687,-1.379918,0.167612
sp500,S&P 500,1w,score_intensity,Extreme Positive,34,0.586969,0.15823,50.0,-1.593518,-6.00608,3.510214,0.167217,0.273574,0.313394,0.553552,0.579885
sp500,S&P 500,2w,regime,Mixed,320,0.541118,0.889751,63.75,-1.806114,-22.455145,3.387157,0.159756,0.544148,-0.003031,-0.031809,0.974624
sp500,S&P 500,2w,regime,Caution,21,-0.329933,0.485116,57.142857,-2.273612,-6.369639,2.743189,-0.120274,0.544148,-0.874082,-1.478212,0.139351
sp500,S&P 500,2w,regime,Risk-On,93,0.75195,0.84482,64.516129,-1.795434,-9.19835,3.398246,0.221276,0.544148,0.207801,0.667119,0.504696
sp500,S&P 500,2w,score_sign,Negative,135,0.336569,0.576334,57.777778,-1.691988,-10.471526,2.722146,0.123641,0.544148,-0.20758,-0.959722,0.337195
sp500,S&P 500,2w,score_sign,Zero,188,0.586696,0.972502,67.553191,-1.883851,-22.455145,3.777165,0.155327,0.544148,0.042547,0.223502,0.823145
sp500,S&P 500,2w,score_sign,Positive,111,0.724548,0.853856,63.963964,-1.89275,-17.470177,3.333272,0.217369,0.544148,0.1804,0.658881,0.509972
sp500,S&P 500,2w,score_intensity,Mild Negative,114,0.459345,0.631053,57.894737,-1.584847,-10.471526,2.712478,0.169345,0.544148,-0.084803,-0.356103,0.721763
sp500,S&P 500,2w,score_intensity,Zero,188,0.586696,0.972502,67.553191,-1.883851,-22.455145,3.777165,0.155327,0.544148,0.042547,0.223502,0.823145
sp500,S&P 500,2w,score_intensity,Caution,15,-0.196937,0.625065,60.0,-2.374726,-5.447797,2.534368,-0.077706,0.544148,-0.741085,-1.13727,0.255425
sp500,S&P 500,2w,score_intensity,Extreme Negative,6,-0.662424,-0.051032,50.0,-2.020825,-6.369639,3.454007,-0.191784,0.544148,-1.206573,-0.861962,0.388709
sp500,S&P 500,2w,score_intensity,Risk-On,59,0.570462,0.670188,66.101695,-1.529676,-5.386939,2.472035,0.230766,0.544148,0.026313,0.082597,0.934172
sp500,S&P 500,2w,score_intensity,Mild Positive,18,0.582975,0.900448,61.111111,-2.395552,-17.470177,3.061369,0.190429,0.544148,0.038826,0.054714,0.956366
sp500,S&P 500,2w,score_intensity,Extreme Positive,34,1.066885,1.232721,61.764706,-2.256603,-9.19835,4.614444,0.231206,0.544148,0.522737,0.70216,0.482579
sp500,S&P 500,4w,regime,Mixed,317,1.063906,1.658622,69.085174,-2.772841,-30.943899,5.087937,0.209104,1.112377,-0.048471,-0.338659,0.734867
sp500,S&P 500,4w,regime,Caution,21,-0.35457,1.141252,61.904762,-3.662638,-10.691494,4.543309,-0.078042,1.112377,-1.466947,-1.508363,0.131462
sp500,S&P 500,4w,regime,Risk-On,93,1.608843,2.565661,68.817204,-2.646837,-11.844046,4.935634,0.325965,1.112377,0.496466,1.089345,0.276002
sp500,S&P 500,4w,score_sign,Negative,133,0.684286,1.536002,66.917293,-2.622992,-14.820464,3.844871,0.177974,1.112377,-0.428091,-1.345042,0.178612
sp500,S&P 500,4w,score_sign,Zero,187,1.061587,1.554255,68.983957,-2.974245,-30.943899,5.883486,0.180435,1.112377,-0.05079,-0.175813,0.860441
sp500,S&P 500,4w,score_sign,Positive,111,1.71088,2.556845,70.27027,-2.675856,-17.470177,4.718183,0.362614,1.112377,0.598503,1.515712,0.129592
sp500,S&P 500,4w,score_intensity,Mild Negative,112,0.879071,1.570251,67.857143,-2.428058,-14.820464,3.690277,0.238213,1.112377,-0.233306,-0.681261,0.495706
sp500,S&P 500,4w,score_intensity,Zero,187,1.061587,1.554255,68.983957,-2.974245,-30.943899,5.883486,0.180435,1.112377,-0.05079,-0.175813,0.860441
sp500,S&P 500,4w,score_intensity,Caution,15,0.652297,1.891189,66.666667,-2.924178,-8.466958,3.86978,0.168562,1.112377,-0.46008,-0.462924,0.643419
sp500,S&P 500,4w,score_intensity,Extreme Negative,6,-2.871738,-0.402537,50.0,-5.508786,-10.691494,5.476438,-0.524381,1.112377,-3.984115,-1.796568,0.072404
sp500,S&P 500,4w,score_intensity,Risk-On,59,1.366152,2.06586,71.186441,-2.348315,-11.074175,4.086657,0.334296,1.112377,0.253775,0.49347,0.621681
sp500,S&P 500,4w,score_intensity,Mild Positive,18,2.238075,2.317586,77.777778,-2.82579,-17.470177,3.443683,0.649907,1.112377,1.125698,1.382948,0.166681
sp500,S&P 500,4w,score_intensity,Extreme Positive,34,2.029982,3.604713,64.705882,-3.164861,-11.844046,6.186532,0.328129,1.112377,0.917605,0.914436,0.360488
sp500,S&P 500,13w,regime,Mixed,308,4.106336,4.787532,77.272727,-5.229273,-33.807867,7.410932,0.554092,3.540456,0.56588,2.335487,0.019518
sp500,S&P 500,13w,regime,Caution,21,-3.580712,-4.74029,23.809524,-9.406056,-19.316536,6.179455,-0.579454,3.540456,-7.121168,-5.347066,0.0
sp500,S&P 500,13w,regime,Risk-On,93,3.274365,4.317878,70.967742,-4.587478,-24.699255,8.403744,0.389632,3.540456,-0.266091,-0.353261,0.723893
sp500,S&P 500,13w,score_sign,Negative,124,2.103514,3.771393,66.935484,-5.84354,-30.541844,6.610607,0.318203,3.540456,-1.436942,-2.687334,0.007202
sp500,S&P 500,13w,score_sign,Zero,187,4.305592,5.293804,75.935829,-5.466626,-33.807867,8.237623,0.522674,3.540456,0.765135,1.789205,0.073582
sp500,S&P 500,13w,score_sign,Positive,111,3.856677,4.904913,75.675676,-4.395682,-24.699255,7.930837,0.486289,3.540456,0.316221,0.493145,0.62191
sp500,S&P 500,13w,score_intensity,Mild Negative,103,3.262434,4.30812,75.728155,-5.117202,-30.541844,6.099297,0.534887,3.540456,-0.278022,-0.485876,0.627055
sp500,S&P 500,13w,score_intensity,Zero,187,4.305592,5.293804,75.935829,-5.466626,-33.807867,8.237623,0.522674,3.540456,0.765135,1.789205,0.073582
sp500,S&P 500,13w,score_intensity,Caution,15,-3.761161,-5.740972,20.0,-8.032547,-18.522164,5.75197,-0.653891,3.540456,-7.301617,-4.937628,1e-06
sp500,S&P 500,13w,score_intensity,Extreme Negative,6,-3.129588,-2.648875,33.333333,-12.83983,-19.316536,7.730607,-0.404831,3.540456,-6.670045,-2.128679,0.033281
sp500,S&P 500,13w,score_intensity,Risk-On,59,1.870506,3.886634,72.881356,-4.370923,-24.699255,7.628307,0.245206,3.540456,-1.66995,-1.809065,0.070441
sp500,S&P 500,13w,score_intensity,Mild Positive,18,6.865292,6.901242,100.0,-3.404735,-17.470177,3.654354,1.878661,3.540456,3.324836,3.671905,0.000241
sp500,S&P 500,13w,score_intensity,Extreme Positive,34,5.710472,6.588667,67.647059,-4.963264,-16.427462,9.218183,0.619479,3.540456,2.170016,1.450426,0.14694
sp500,S&P 500,26w,regime,Mixed,296,7.749815,9.264909,76.689189,-7.777759,-33.807867,10.018735,0.773532,7.23384,0.515975,1.606211,0.108228
sp500,S&P 500,26w,regime,Caution,21,-3.712307,-4.896757,28.571429,-15.807916,-22.182631,7.388243,-0.502461,7.23384,-10.946147,-6.824265,0.0
sp500,S&P 500,26w,regime,Risk-On,92,8.072323,7.951729,84.782609,-5.689852,-29.39283,10.137343,0.796296,7.23384,0.838483,0.898647,0.368841
sp500,S&P 500,26w,score_sign,Negative,121,5.921834,7.880734,76.033058,-9.015002,-30.541844,8.480285,0.698306,7.23384,-1.312005,-1.860329,0.062839
sp500,S&P 500,26w,score_sign,Zero,178,7.209129,8.788654,70.224719,-8.191297,-33.807867,11.325051,0.636565,7.23384,-0.024711,-0.041769,0.966683
sp500,S&P 500,26w,score_sign,Positive,110,8.717032,9.093156,85.454545,-5.534393,-29.39283,10.014693,0.870424,7.23384,1.483192,1.804053,0.071223
sp500,S&P 500,26w,score_intensity,Mild Negative,100,7.945004,8.660896,86.0,-7.58849,-30.541844,7.233224,1.098404,7.23384,0.711165,0.983061,0.325578
sp500,S&P 500,26w,score_intensity,Zero,178,7.209129,8.788654,70.224719,-8.191297,-33.807867,11.325051,0.636565,7.23384,-0.024711,-0.041769,0.966683
sp500,S&P 500,26w,score_intensity,Caution,15,-6.39562,-5.926473,13.333333,-16.295428,-22.182631,6.316052,-1.012598,7.23384,-13.629459,-8.289541,0.0
sp500,S&P 500,26w,score_intensity,Extreme Negative,6,2.995974,5.054011,66.666667,-14.589138,-19.316536,5.571693,0.537713,7.23384,-4.237866,-1.844703,0.065081
sp500,S&P 500,26w,score_intensity,Risk-On,58,6.273755,7.36336,87.931034,-6.081016,-29.39283,9.162461,0.684724,7.23384,-0.960084,-0.844317,0.398492
sp500,S&P 500,26w,score_intensity,Mild Positive,18,12.012211,14.035153,88.888889,-4.739825,-25.222338,8.900383,1.349629,7.23384,4.778372,2.31311,0.020717
sp500,S&P 500,26w,score_intensity,Extreme Positive,34,11.140467,10.099075,79.411765,-5.022571,-16.427462,11.090278,1.004526,7.23384,3.906628,2.160588,0.030727
sp500,S&P 500,52w,regime,Mixed,269,14.488155,15.434406,81.412639,-11.309786,-33.807867,15.092863,0.959934,15.342878,-0.854723,-1.646693,0.099621
sp500,S&P 500,52w,regime,Caution,21,1.453119,3.541553,61.904762,-16.820836,-24.087122,11.08833,0.131049,15.342878,-13.889759,-5.767091,0.0
sp500,S&P 500,52w,regime,Risk-On,92,21.012503,20.929321,92.391304,-6.688324,-29.39283,14.544074,1.444747,15.342878,5.669625,4.244091,2.2e-05
sp500,S&P 500,52w,score_sign,Negative,99,12.30019,13.936626,86.868687,-11.161183,-30.541844,11.034255,1.114728,15.342878,-3.042688,-2.773987,0.005537
sp500,S&P 500,52w,score_sign,Zero,174,13.008156,15.230386,74.137931,-12.598177,-33.807867,16.990252,0.765625,15.342878,-2.334722,-2.686124,0.007229
sp500,S&P 500,52w,score_sign,Positive,109,21.833407,23.114922,93.577982,-6.549137,-29.39283,14.153248,1.542643,15.342878,6.490529,5.556634,0.0
sp500,S&P 500,52w,score_intensity,Mild Negative,78,15.220556,14.699299,93.589744,-9.637431,-30.541844,9.07178,1.677792,15.342878,-0.122322,-0.109709,0.91264
sp500,S&P 500,52w,score_intensity,Zero,174,13.008156,15.230386,74.137931,-12.598177,-33.807867,16.990252,0.765625,15.342878,-2.334722,-2.686124,0.007229
sp500,S&P 500,52w,score_intensity,Caution,15,-1.558402,3.487353,53.333333,-17.578523,-24.087122,10.206735,-0.152684,15.342878,-16.90128,-6.393585,0.0
sp500,S&P 500,52w,score_intensity,Extreme Negative,6,8.981921,11.912189,83.333333,-14.926619,-19.316536,10.241104,0.877046,15.342878,-6.360957,-1.518475,0.128895
sp500,S&P 500,52w,score_intensity,Risk-On,58,17.205058,20.172787,87.931034,-7.6648,-29.39283,11.808345,1.457025,15.342878,1.86218,1.230129,0.218649
sp500,S&P 500,52w,score_intensity,Mild Positive,17,26.275947,29.356339,100.0,-5.795888,-25.222338,11.144529,2.357744,15.342878,10.933069,4.05763,5e-05
sp500,S&P 500,52w,score_intensity,Extreme Positive,34,27.507555,26.566518,100.0,-5.022571,-16.427462,16.538487,1.663245,15.342878,12.164677,4.535171,6e-06
nq,NASDAQ-100,1d,regime,Mixed,405,0.13536,0.194213,59.012346,-0.461393,-12.193224,1.563872,0.086555,0.108391,0.026969,0.978688,0.327734
nq,NASDAQ-100,1d,regime,Risk-On,52,-0.101655,0.114159,53.846154,-0.67409,-3.458762,1.65401,-0.06146,0.108391,-0.210046,-0.978688,0.327734
nq,NASDAQ-100,1d,score_sign,Positive,114,0.0733,0.157554,57.894737,-0.547585,-4.601608,1.557758,0.047055,0.108391,-0.035092,-0.276559,0.782119
nq,NASDAQ-100,1d,score_sign,Zero,254,0.214738,0.229547,59.84252,-0.408205,-6.82634,1.44509,0.148598,0.108391,0.106347,1.587604,0.112376
nq,NASDAQ-100,1d,score_sign,Negative,89,-0.150166,0.142636,55.05618,-0.627056,-12.193224,1.902949,-0.078912,0.108391,-0.258557,-1.486747,0.137082
nq,NASDAQ-100,1d,score_intensity,Mild Positive,62,0.220035,0.216844,61.290323,-0.441484,-4.601608,1.469677,0.149717,0.108391,0.111644,0.635998,0.524778
nq,NASDAQ-100,1d,score_intensity,Zero,254,0.214738,0.229547,59.84252,-0.408205,-6.82634,1.44509,0.148598,0.108391,0.106347,1.587604,0.112376
nq,NASDAQ-100,1d,score_intensity,Mild Negative,89,-0.150166,0.142636,55.05618,-0.627056,-12.193224,1.902949,-0.078912,0.108391,-0.258557,-1.486747,0.137082
nq,NASDAQ-100,1d,score_intensity,Risk-On,32,-0.133716,0.01514,50.0,-0.755317,-3.458762,1.80751,-0.073978,0.108391,-0.242107,-0.792931,0.427818
nq,NASDAQ-100,1d,score_intensity,Extreme Positive,20,-0.050357,0.128479,60.0,-0.544128,-3.263424,1.417147,-0.035534,0.108391,-0.158748,-0.509561,0.610359
nq,NASDAQ-100,2d,regime,Mixed,405,0.264082,0.339283,58.765432,-0.74562,-12.193224,1.846991,0.142979,0.244996,0.019086,0.603902,0.545909
nq,NASDAQ-100,2d,regime,Risk-On,52,0.096348,0.179148,59.615385,-0.867214,-4.952075,1.890387,0.050967,0.244996,-0.148648,-0.603902,0.545909
nq,NASDAQ-100,2d,score_sign,Positive,114,0.205696,0.329463,63.157895,-0.812641,-4.952075,1.995694,0.10307,0.244996,-0.0393,-0.248468,0.803772
nq,NASDAQ-100,2d,score_sign,Zero,254,0.317331,0.37553,59.448819,-0.702033,-6.82634,1.819218,0.174433,0.244996,0.072335,0.930556,0.352083
nq,NASDAQ-100,2d,score_sign,Negative,89,0.088897,0.206857,51.685393,-0.855213,-12.193224,1.753883,0.050686,0.244996,-0.156099,-0.923075,0.355968
nq,NASDAQ-100,2d,score_intensity,Mild Positive,62,0.297407,0.345461,66.129032,-0.76687,-4.601608,2.090811,0.142245,0.244996,0.052411,0.215973,0.829009
nq,NASDAQ-100,2d,score_intensity,Zero,254,0.317331,0.37553,59.448819,-0.702033,-6.82634,1.819218,0.174433,0.244996,0.072335,0.930556,0.352083
nq,NASDAQ-100,2d,score_intensity,Mild Negative,89,0.088897,0.206857,51.685393,-0.855213,-12.193224,1.753883,0.050686,0.244996,-0.156099,-0.923075,0.355968
nq,NASDAQ-100,2d,score_intensity,Risk-On,32,0.106228,0.100044,56.25,-0.915354,-3.713764,1.933473,0.054942,0.244996,-0.138768,-0.422315,0.672795
nq,NASDAQ-100,2d,score_intensity,Extreme Positive,20,0.080539,0.519191,65.0,-0.790191,-4.952075,1.868799,0.043097,0.244996,-0.164457,-0.40262,0.687228
nq,NASDAQ-100,3d,regime,Mixed,405,0.444447,0.454981,59.753086,-0.990027,-12.193224,2.34111,0.189845,0.402339,0.042108,1.176783,0.239282
nq,NASDAQ-100,3d,regime,Risk-On,52,0.074382,0.083064,51.923077,-1.143239,-5.233377,2.106824,0.035305,0.402339,-0.327957,-1.176783,0.239282
nq,NASDAQ-100,3d,score_sign,Positive,114,0.213315,0.228566,54.385965,-1.092571,-5.541818,2.119013,0.100667,0.402339,-0.189024,-1.065436,0.286679
nq,NASDAQ-100,3d,score_sign,Zero,254,0.52429,0.477484,62.598425,-0.912815,-6.82634,2.244233,0.233617,0.402339,0.121951,1.250246,0.21121
nq,NASDAQ-100,3d,score_sign,Negative,89,0.296419,0.277615,53.932584,-1.168553,-12.193224,2.731191,0.108531,0.402339,-0.10592,-0.422204,0.672876
nq,NASDAQ-100,3d,score_intensity,Mild Positive,62,0.32984,0.404183,56.451613,-1.050075,-5.541818,2.139307,0.154181,0.402339,-0.072499,-0.283168,0.777048
nq,NASDAQ-100,3d,score_intensity,Zero,254,0.52429,0.477484,62.598425,-0.912815,-6.82634,2.244233,0.233617,0.402339,0.121951,1.250246,0.21121
nq,NASDAQ-100,3d,score_intensity,Mild Negative,89,0.296419,0.277615,53.932584,-1.168553,-12.193224,2.731191,0.108531,0.402339,-0.10592,-0.422204,0.672876
nq,NASDAQ-100,3d,score_intensity,Risk-On,32,0.089085,0.083064,53.125,-1.232577,-5.233377,2.312518,0.038523,0.402339,-0.313254,-0.794476,0.426919
nq,NASDAQ-100,3d,score_intensity,Extreme Positive,20,0.050857,0.021482,50.0,-1.0003,-4.952075,1.785557,0.028482,0.402339,-0.351482,-0.886487,0.375355
nq,NASDAQ-100,1w,regime,Mixed,405,0.357768,0.425028,56.049383,-1.514953,-14.849232,3.052088,0.117221,0.399873,-0.042104,-0.855071,0.392512
nq,NASDAQ-100,1w,regime,Risk-On,52,0.7278,0.856713,61.538462,-1.461707,-8.315441,2.922694,0.249017,0.399873,0.327928,0.855071,0.392512
nq,NASDAQ-100,1w,score_sign,Positive,114,0.434801,0.720879,60.526316,-1.482854,-8.315441,2.961192,0.146833,0.399873,0.034928,0.144085,0.885433
nq,NASDAQ-100,1w,score_sign,Zero,254,0.436381,0.396622,53.937008,-1.440257,-14.849232,2.976561,0.146606,0.399873,0.036508,0.285706,0.775103
nq,NASDAQ-100,1w,score_sign,Negative,89,0.250941,0.391793,59.550562,-1.738134,-12.519543,3.320817,0.075566,0.399873,-0.148931,-0.481012,0.630508
nq,NASDAQ-100,1w,score_intensity,Mild Positive,62,0.18906,0.636354,59.677419,-1.500591,-7.41031,2.994533,0.063135,0.399873,-0.210813,-0.594851,0.551943
nq,NASDAQ-100,1w,score_intensity,Zero,254,0.436381,0.396622,53.937008,-1.440257,-14.849232,2.976561,0.146606,0.399873,0.036508,0.285706,0.775103
nq,NASDAQ-100,1w,score_intensity,Mild Negative,89,0.250941,0.391793,59.550562,-1.738134,-12.519543,3.320817,0.075566,0.399873,-0.148931,-0.481012,0.630508
nq,NASDAQ-100,1w,score_intensity,Risk-On,32,1.156301,1.15669,65.625,-1.491491,-8.315441,3.221124,0.358974,0.399873,0.756428,1.383429,0.166533
nq,NASDAQ-100,1w,score_intensity,Extreme Positive,20,0.042199,0.403998,55.0,-1.414052,-4.952075,2.279516,0.018512,0.399873,-0.357674,-0.705178,0.480699
nq,NASDAQ-100,2w,regime,Mixed,404,0.755256,1.15038,62.376238,-2.363121,-18.006902,4.183439,0.180535,0.814571,-0.059314,-0.973887,0.330113
nq,NASDAQ-100,2w,regime,Risk-On,52,1.275397,1.743334,71.153846,-1.987594,-10.5476,3.546878,0.359583,0.814571,0.460827,0.973887,0.330113
nq,NASDAQ-100,2w,score_sign,Positive,114,0.876372,1.456248,65.789474,-2.188924,-10.5476,3.864435,0.226779,0.814571,0.061801,0.192829,0.847093
nq,NASDAQ-100,2w,score_sign,Zero,253,0.933371,1.356749,64.031621,-2.237368,-18.006902,4.253116,0.219456,0.814571,0.1188,0.693472,0.488014
nq,NASDAQ-100,2w,score_sign,Negative,89,0.397697,0.579568,58.426966,-2.724316,-14.159821,4.047448,0.098259,0.814571,-0.416874,-1.07871,0.280717
nq,NASDAQ-100,2w,score_intensity,Mild Positive,62,0.541705,1.033669,61.290323,-2.357782,-10.144746,4.110572,0.131783,0.814571,-0.272865,-0.562135,0.574024
nq,NASDAQ-100,2w,score_intensity,Zero,253,0.933371,1.356749,64.031621,-2.237368,-18.006902,4.253116,0.219456,0.814571,0.1188,0.693472,0.488014
nq,NASDAQ-100,2w,score_intensity,Mild Negative,89,0.397697,0.579568,58.426966,-2.724316,-14.159821,4.047448,0.098259,0.814571,-0.416874,-1.07871,0.280717
nq,NASDAQ-100,2w,score_intensity,Risk-On,32,1.375347,1.600267,68.75,-2.177085,-10.5476,4.138967,0.332292,0.814571,0.560777,0.79514,0.426532
nq,NASDAQ-100,2w,score_intensity,Extreme Positive,20,1.115477,1.858302,75.0,-1.684408,-6.513602,2.402892,0.464223,0.814571,0.300906,0.548886,0.583084
nq,NASDAQ-100,4w,regime,Mixed,401,1.506743,2.162078,64.089776,-3.566964,-27.050225,6.246551,0.241212,1.597464,-0.090721,-1.109563,0.267188
nq,NASDAQ-100,4w,regime,Risk-On,52,2.29706,3.141272,71.153846,-2.813326,-13.500987,4.617554,0.497463,1.597464,0.699596,1.109563,0.267188
nq,NASDAQ-100,4w,score_sign,Positive,114,1.017732,2.525345,64.912281,-3.479244,-15.456383,5.850522,0.173956,1.597464,-0.579732,-1.20691,0.227467
nq,NASDAQ-100,4w,score_sign,Zero,251,1.988131,2.421254,65.338645,-3.363482,-27.050225,6.440291,0.308702,1.597464,0.390667,1.549607,0.121236
nq,NASDAQ-100,4w,score_sign,Negative,88,1.234192,1.403458,63.636364,-3.815655,-17.343057,5.250635,0.235056,1.597464,-0.363272,-0.694857,0.487145
nq,NASDAQ-100,4w,score_intensity,Mild Positive,62,-0.055253,1.876333,59.677419,-4.037756,-15.456383,6.558605,-0.008425,1.597464,-1.652717,-2.161188,0.030681
nq,NASDAQ-100,4w,score_intensity,Zero,251,1.988131,2.421254,65.338645,-3.363482,-27.050225,6.440291,0.308702,1.597464,0.390667,1.549607,0.121236
nq,NASDAQ-100,4w,score_intensity,Mild Negative,88,1.234192,1.403458,63.636364,-3.815655,-17.343057,5.250635,0.235056,1.597464,-0.363272,-0.694857,0.487145
nq,NASDAQ-100,4w,score_intensity,Risk-On,32,2.301261,2.184429,68.75,-2.972516,-10.7954,4.56542,0.504063,1.597464,0.703797,0.879042,0.379378
nq,NASDAQ-100,4w,score_intensity,Extreme Positive,20,2.29034,3.735874,75.0,-2.558622,-13.500987,4.819235,0.47525,1.597464,0.692876,0.648807,0.516463
nq,NASDAQ-100,13w,regime,Mixed,394,4.713195,4.991153,69.28934,-6.548424,-27.321329,10.336871,0.45596,5.082263,-0.369069,-3.012266,0.002593
nq,NASDAQ-100,13w,regime,Risk-On,50,7.990524,8.700709,96.0,-4.233625,-25.123392,6.754766,1.182946,5.082263,2.908261,3.012266,0.002593
nq,NASDAQ-100,13w,score_sign,Positive,111,4.674378,5.418465,77.477477,-5.989562,-25.601366,9.649492,0.484417,5.082263,-0.407885,-0.507063,0.61211
nq,NASDAQ-100,13w,score_sign,Zero,250,5.340572,5.344987,68.8,-6.243232,-27.321329,10.703408,0.49896,5.082263,0.258308,0.626886,0.530734
nq,NASDAQ-100,13w,score_sign,Negative,83,4.849711,5.283174,75.903614,-6.820611,-21.510094,8.479879,0.571908,5.082263,-0.232552,-0.264999,0.79101
nq,NASDAQ-100,13w,score_intensity,Mild Positive,61,1.956225,3.288654,62.295082,-7.428855,-25.601366,10.805977,0.181032,5.082263,-3.126038,-2.461668,0.013829
nq,NASDAQ-100,13w,score_intensity,Zero,250,5.340572,5.344987,68.8,-6.243232,-27.321329,10.703408,0.49896,5.082263,0.258308,0.626886,0.530734
nq,NASDAQ-100,13w,score_intensity,Mild Negative,83,4.849711,5.283174,75.903614,-6.820611,-21.510094,8.479879,0.571908,5.082263,-0.232552,-0.264999,0.79101
nq,NASDAQ-100,13w,score_intensity,Risk-On,30,8.404318,9.064074,100.0,-4.127863,-16.192296,5.392897,1.558405,5.082263,3.322055,3.220458,0.00128
nq,NASDAQ-100,13w,score_intensity,Extreme Positive,20,7.369834,6.941832,90.0,-4.392266,-25.123392,8.520743,0.864929,5.082263,2.287571,1.217514,0.223409
nq,NASDAQ-100,26w,regime,Mixed,384,10.241091,12.085553,76.822917,-9.032873,-32.834948,14.128366,0.72486,10.446054,-0.204963,-1.096069,0.273049
nq,NASDAQ-100,26w,regime,Risk-On,47,12.120645,11.071832,89.361702,-4.444568,-26.175459,10.666592,1.136318,10.446054,1.674592,1.096069,0.273049
nq,NASDAQ-100,26w,score_sign,Positive,107,8.463331,9.83751,75.700935,-7.384954,-26.175459,12.797049,0.66135,10.446054,-1.982723,-1.802444,0.071476
nq,NASDAQ-100,26w,score_sign,Zero,241,10.828098,12.634465,75.103734,-8.764001,-32.834948,15.027612,0.720547,10.446054,0.382044,0.663832,0.506798
nq,NASDAQ-100,26w,score_sign,Negative,83,11.892784,11.780675,90.361446,-9.339804,-28.633694,10.845361,1.096578,10.446054,1.44673,1.262839,0.206647
nq,NASDAQ-100,26w,score_intensity,Mild Positive,60,5.598435,7.456615,65.0,-9.688256,-25.640576,13.656936,0.409933,10.446054,-4.847619,-2.962943,0.003047
nq,NASDAQ-100,26w,score_intensity,Zero,241,10.828098,12.634465,75.103734,-8.764001,-32.834948,15.027612,0.720547,10.446054,0.382044,0.663832,0.506798
nq,NASDAQ-100,26w,score_intensity,Mild Negative,83,11.892784,11.780675,90.361446,-9.339804,-28.633694,10.845361,1.096578,10.446054,1.44673,1.262839,0.206647
nq,NASDAQ-100,26w,score_intensity,Risk-On,27,13.699861,13.092293,92.592593,-4.053891,-16.192296,9.00753,1.520934,10.446054,3.253807,1.857377,0.063257
nq,NASDAQ-100,26w,score_intensity,Extreme Positive,20,9.988704,9.724018,85.0,-4.971983,-26.175459,12.494083,0.799475,10.446054,-0.45735,-0.166744,0.867572
nq,NASDAQ-100,52w,regime,Mixed,357,22.419576,25.102003,85.434174,-11.22102,-35.540426,22.094354,1.01472,22.107238,0.312339,0.861567,0.388926
nq,NASDAQ-100,52w,regime,Risk-On,47,19.734792,17.423553,87.234043,-7.999228,-28.139499,19.802139,0.996599,22.107238,-2.372446,-0.861567,0.388926
nq,NASDAQ-100,52w,score_sign,Positive,107,19.268988,17.93179,79.439252,-10.692076,-28.910308,21.57734,0.89302,22.107238,-2.838249,-1.581185,0.113836
nq,NASDAQ-100,52w,score_sign,Zero,226,23.10148,27.250369,85.39823,-10.884244,-35.540426,24.040153,0.960954,22.107238,0.994243,1.062378,0.288064
nq,NASDAQ-100,52w,score_sign,Negative,71,23.219827,23.339069,95.774648,-10.95742,-31.508403,12.852638,1.806619,22.107238,1.112589,0.678403,0.497516
nq,NASDAQ-100,52w,score_intensity,Mild Positive,60,18.904109,23.361512,73.333333,-12.801473,-28.910308,23.031198,0.820804,22.107238,-3.203128,-1.178014,0.238791
nq,NASDAQ-100,52w,score_intensity,Zero,226,23.10148,27.250369,85.39823,-10.884244,-35.540426,24.040153,0.960954,22.107238,0.994243,1.062378,0.288064
nq,NASDAQ-100,52w,score_intensity,Mild Negative,71,23.219827,23.339069,95.774648,-10.95742,-31.508403,12.852638,1.806619,22.107238,1.112589,0.678403,0.497516
nq,NASDAQ-100,52w,score_intensity,Risk-On,27,17.88944,15.842076,88.888889,-8.880784,-18.026951,18.672632,0.958057,22.107238,-4.217798,-1.199391,0.230376
nq,NASDAQ-100,52w,score_intensity,Extreme Positive,20,22.226017,24.295077,85.0,-6.809127,-28.139499,21.467627,1.035327,22.107238,0.11878,0.025356,0.979771
vix,VIX Futures,1d,regime,Mixed,457,2.319948,1.302932,57.330416,-2.005578,-19.77638,10.351566,0.224116,2.319948,0.0,,
vix,VIX Futures,1d,score_sign,Zero,457,2.319948,1.302932,57.330416,-2.005578,-19.77638,10.351566,0.224116,2.319948,0.0,,
vix,VIX Futures,1d,score_intensity,Zero,457,2.319948,1.302932,57.330416,-2.005578,-19.77638,10.351566,0.224116,2.319948,0.0,,
vix,VIX Futures,2d,regime,Mixed,457,2.090727,1.473684,56.892779,-3.384213,-28.627323,10.841259,0.192849,2.090727,0.0,,
vix,VIX Futures,2d,score_sign,Zero,457,2.090727,1.473684,56.892779,-3.384213,-28.627323,10.841259,0.192849,2.090727,0.0,,
vix,VIX Futures,2d,score_intensity,Zero,457,2.090727,1.473684,56.892779,-3.384213,-28.627323,10.841259,0.192849,2.090727,0.0,,
vix,VIX Futures,3d,regime,Mixed,457,1.70601,0.868984,52.954048,-4.719089,-35.115748,14.005902,0.121807,1.70601,0.0,,
vix,VIX Futures,3d,score_sign,Zero,457,1.70601,0.868984,52.954048,-4.719089,-35.115748,14.005902,0.121807,1.70601,0.0,,
vix,VIX Futures,3d,score_intensity,Zero,457,1.70601,0.868984,52.954048,-4.719089,-35.115748,14.005902,0.121807,1.70601,0.0,,
vix,VIX Futures,1w,regime,Mixed,457,1.699256,-0.843882,45.514223,-6.831627,-39.060972,17.837327,0.095264,1.699256,0.0,,
vix,VIX Futures,1w,score_sign,Zero,457,1.699256,-0.843882,45.514223,-6.831627,-39.060972,17.837327,0.095264,1.699256,0.0,,
vix,VIX Futures,1w,score_intensity,Zero,457,1.699256,-0.843882,45.514223,-6.831627,-39.060972,17.837327,0.095264,1.699256,0.0,,
vix,VIX Futures,2w,regime,Mixed,456,2.980342,-0.593301,48.903509,-9.768141,-45.629732,23.943956,0.124472,2.980342,0.0,,
vix,VIX Futures,2w,score_sign,Zero,456,2.980342,-0.593301,48.903509,-9.768141,-45.629732,23.943956,0.124472,2.980342,0.0,,
vix,VIX Futures,2w,score_intensity,Zero,456,2.980342,-0.593301,48.903509,-9.768141,-45.629732,23.943956,0.124472,2.980342,0.0,,
vix,VIX Futures,4w,regime,Mixed,454,6.134236,0.066081,50.220264,-13.082828,-51.038339,41.875917,0.146486,6.134236,0.0,,
vix,VIX Futures,4w,score_sign,Zero,454,6.134236,0.066081,50.220264,-13.082828,-51.038339,41.875917,0.146486,6.134236,0.0,,
vix,VIX Futures,4w,score_intensity,Zero,454,6.134236,0.066081,50.220264,-13.082828,-51.038339,41.875917,0.146486,6.134236,0.0,,
vix,VIX Futures,13w,regime,Mixed,444,9.965588,-2.936464,46.396396,-19.710663,-63.981461,57.184419,0.174271,9.965588,0.0,,
vix,VIX Futures,13w,score_sign,Zero,444,9.965588,-2.936464,46.396396,-19.710663,-63.981461,57.184419,0.174271,9.965588,0.0,,
vix,VIX Futures,13w,score_intensity,Zero,444,9.965588,-2.936464,46.396396,-19.710663,-63.981461,57.184419,0.174271,9.965588,0.0,,
vix,VIX Futures,26w,regime,Mixed,431,9.986885,-2.869757,46.635731,-23.454655,-68.6162,51.630359,0.19343,9.986885,0.0,,
vix,VIX Futures,26w,score_sign,Zero,431,9.986885,-2.869757,46.635731,-23.454655,-68.6162,51.630359,0.19343,9.986885,0.0,,
vix,VIX Futures,26w,score_intensity,Zero,431,9.986885,-2.869757,46.635731,-23.454655,-68.6162,51.630359,0.19343,9.986885,0.0,,
vix,VIX Futures,52w,regime,Mixed,405,14.962939,3.550864,53.580247,-27.138158,-74.534635,61.5979,0.242913,14.962939,0.0,,
vix,VIX Futures,52w,score_sign,Zero,405,14.962939,3.550864,53.580247,-27.138158,-74.534635,61.5979,0.242913,14.962939,0.0,,
vix,VIX Futures,52w,score_intensity,Zero,405,14.962939,3.550864,53.580247,-27.138158,-74.534635,61.5979,0.242913,14.962939,0.0,,
rty,Russell 2000,1d,regime,Mixed,139,0.142076,0.169645,56.115108,-0.379182,-3.325733,1.16109,0.122365,0.142076,0.0,,
rty,Russell 2000,1d,score_sign,Zero,139,0.142076,0.169645,56.115108,-0.379182,-3.325733,1.16109,0.122365,0.142076,0.0,,
rty,Russell 2000,1d,score_intensity,Zero,139,0.142076,0.169645,56.115108,-0.379182,-3.325733,1.16109,0.122365,0.142076,0.0,,
rty,Russell 2000,2d,regime,Mixed,139,0.182268,0.015823,51.079137,-0.651417,-3.862105,1.63563,0.111436,0.182268,0.0,,
rty,Russell 2000,2d,score_sign,Zero,139,0.182268,0.015823,51.079137,-0.651417,-3.862105,1.63563,0.111436,0.182268,0.0,,
rty,Russell 2000,2d,score_intensity,Zero,139,0.182268,0.015823,51.079137,-0.651417,-3.862105,1.63563,0.111436,0.182268,0.0,,
rty,Russell 2000,3d,regime,Mixed,139,0.36675,0.138655,53.23741,-0.847463,-4.916694,1.995722,0.183768,0.36675,0.0,,
rty,Russell 2000,3d,score_sign,Zero,139,0.36675,0.138655,53.23741,-0.847463,-4.916694,1.995722,0.183768,0.36675,0.0,,
rty,Russell 2000,3d,score_intensity,Zero,139,0.36675,0.138655,53.23741,-0.847463,-4.916694,1.995722,0.183768,0.36675,0.0,,
rty,Russell 2000,1w,regime,Mixed,139,0.279224,0.200373,54.676259,-1.381194,-9.69915,2.698871,0.10346,0.279224,0.0,,
rty,Russell 2000,1w,score_sign,Zero,139,0.279224,0.200373,54.676259,-1.381194,-9.69915,2.698871,0.10346,0.279224,0.0,,
rty,Russell 2000,1w,score_intensity,Zero,139,0.279224,0.200373,54.676259,-1.381194,-9.69915,2.698871,0.10346,0.279224,0.0,,
rty,Russell 2000,2w,regime,Mixed,138,0.607979,0.392788,56.521739,-2.126698,-12.977015,3.877829,0.156783,0.607979,0.0,,
rty,Russell 2000,2w,score_sign,Zero,138,0.607979,0.392788,56.521739,-2.126698,-12.977015,3.877829,0.156783,0.607979,0.0,,
rty,Russell 2000,2w,score_intensity,Zero,138,0.607979,0.392788,56.521739,-2.126698,-12.977015,3.877829,0.156783,0.607979,0.0,,
rty,Russell 2000,4w,regime,Mixed,135,1.389406,1.596515,62.962963,-3.138593,-14.403155,5.364616,0.258994,1.389406,0.0,,
rty,Russell 2000,4w,score_sign,Zero,135,1.389406,1.596515,62.962963,-3.138593,-14.403155,5.364616,0.258994,1.389406,0.0,,
rty,Russell 2000,4w,score_intensity,Zero,135,1.389406,1.596515,62.962963,-3.138593,-14.403155,5.364616,0.258994,1.389406,0.0,,
rty,Russell 2000,13w,regime,Mixed,126,4.480464,4.222946,74.603175,-5.518993,-23.704145,8.705933,0.514645,4.480464,0.0,,
rty,Russell 2000,13w,score_sign,Zero,126,4.480464,4.222946,74.603175,-5.518993,-23.704145,8.705933,0.514645,4.480464,0.0,,
rty,Russell 2000,13w,score_intensity,Zero,126,4.480464,4.222946,74.603175,-5.518993,-23.704145,8.705933,0.514645,4.480464,0.0,,
rty,Russell 2000,26w,regime,Mixed,113,9.083228,10.781907,79.646018,-8.060362,-27.683563,11.123483,0.816581,9.083228,0.0,,
rty,Russell 2000,26w,score_sign,Zero,113,9.083228,10.781907,79.646018,-8.060362,-27.683563,11.123483,0.816581,9.083228,0.0,,
rty,Russell 2000,26w,score_intensity,Zero,113,9.083228,10.781907,79.646018,-8.060362,-27.683563,11.123483,0.816581,9.083228,0.0,,
rty,Russell 2000,52w,regime,Mixed,86,16.409102,12.888051,91.860465,-12.499797,-27.683563,15.424429,1.063839,16.409102,0.0,,
rty,Russell 2000,52w,score_sign,Zero,86,16.409102,12.888051,91.860465,-12.499797,-27.683563,15.424429,1.063839,16.409102,0.0,,
rty,Russell 2000,52w,score_intensity,Zero,86,16.409102,12.888051,91.860465,-12.499797,-27.683563,15.424429,1.063839,16.409102,0.0,,
dow,Dow Jones,1d,regime,Mixed,457,0.031819,0.074346,55.142232,-0.37171,-12.926546,1.297404,0.024525,0.031819,0.0,,
dow,Dow Jones,1d,score_sign,Zero,457,0.031819,0.074346,55.142232,-0.37171,-12.926546,1.297404,0.024525,0.031819,0.0,,
dow,Dow Jones,1d,score_intensity,Zero,457,0.031819,0.074346,55.142232,-0.37171,-12.926546,1.297404,0.024525,0.031819,0.0,,
dow,Dow Jones,2d,regime,Mixed,457,0.119618,0.148988,55.798687,-0.58278,-12.926546,1.482275,0.080699,0.119618,0.0,,
dow,Dow Jones,2d,score_sign,Zero,457,0.119618,0.148988,55.798687,-0.58278,-12.926546,1.482275,0.080699,0.119618,0.0,,
dow,Dow Jones,2d,score_intensity,Zero,457,0.119618,0.148988,55.798687,-0.58278,-12.926546,1.482275,0.080699,0.119618,0.0,,
dow,Dow Jones,3d,regime,Mixed,457,0.158358,0.147077,54.923414,-0.781124,-14.175594,2.007988,0.078864,0.158358,0.0,,
dow,Dow Jones,3d,score_sign,Zero,457,0.158358,0.147077,54.923414,-0.781124,-14.175594,2.007988,0.078864,0.158358,0.0,,
dow,Dow Jones,3d,score_intensity,Zero,457,0.158358,0.147077,54.923414,-0.781124,-14.175594,2.007988,0.078864,0.158358,0.0,,
dow,Dow Jones,1w,regime,Mixed,457,0.200614,0.222005,54.266958,-1.152254,-18.032863,2.531632,0.079243,0.200614,0.0,,
dow,Dow Jones,1w,score_sign,Zero,457,0.200614,0.222005,54.266958,-1.152254,-18.032863,2.531632,0.079243,0.200614,0.0,,
dow,Dow Jones,1w,score_intensity,Zero,457,0.200614,0.222005,54.266958,-1.152254,-18.032863,2.531632,0.079243,0.200614,0.0,,
dow,Dow Jones,2w,regime,Mixed,456,0.391703,0.532759,59.868421,-1.815405,-25.868378,3.358446,0.116632,0.391703,0.0,,
dow,Dow Jones,2w,score_sign,Zero,456,0.391703,0.532759,59.868421,-1.815405,-25.868378,3.358446,0.116632,0.391703,0.0,,
dow,Dow Jones,2w,score_intensity,Zero,456,0.391703,0.532759,59.868421,-1.815405,-25.868378,3.358446,0.116632,0.391703,0.0,,
dow,Dow Jones,4w,regime,Mixed,453,0.756083,1.435579,64.459161,-2.775384,-33.865517,4.853724,0.155774,0.756083,0.0,,
dow,Dow Jones,4w,score_sign,Zero,453,0.756083,1.435579,64.459161,-2.775384,-33.865517,4.853724,0.155774,0.756083,0.0,,
dow,Dow Jones,4w,score_intensity,Zero,453,0.756083,1.435579,64.459161,-2.775384,-33.865517,4.853724,0.155774,0.756083,0.0,,
dow,Dow Jones,13w,regime,Mixed,444,2.494986,2.846137,68.018018,-5.110013,-36.758014,7.188301,0.34709,2.494986,0.0,,
dow,Dow Jones,13w,score_sign,Zero,444,2.494986,2.846137,68.018018,-5.110013,-36.758014,7.188301,0.34709,2.494986,0.0,,
dow,Dow Jones,13w,score_intensity,Zero,444,2.494986,2.846137,68.018018,-5.110013,-36.758014,7.188301,0.34709,2.494986,0.0,,
dow,Dow Jones,26w,regime,Mixed,431,5.07689,5.243794,74.013921,-7.377967,-36.758014,8.964023,0.566363,5.07689,0.0,,
dow,Dow Jones,26w,score_sign,Zero,431,5.07689,5.243794,74.013921,-7.377967,-36.758014,8.964023,0.566363,5.07689,0.0,,
dow,Dow Jones,26w,score_intensity,Zero,431,5.07689,5.243794,74.013921,-7.377967,-36.758014,8.964023,0.566363,5.07689,0.0,,
dow,Dow Jones,52w,regime,Mixed,404,10.334087,9.840833,79.70297,-10.719681,-36.758014,12.760118,0.809874,10.334087,0.0,,
dow,Dow Jones,52w,score_sign,Zero,404,10.334087,9.840833,79.70297,-10.719681,-36.758014,12.760118,0.809874,10.334087,0.0,,
dow,Dow Jones,52w,score_intensity,Zero,404,10.334087,9.840833,79.70297,-10.719681,-36.758014,12.760118,0.809874,10.334087,0.0,,
gold,Gold,1d,regime,Mixed,457,0.004139,0.013712,50.547046,-0.404925,-4.985394,1.16653,0.003548,0.004139,0.0,,
gold,Gold,1d,score_sign,Zero,457,0.004139,0.013712,50.547046,-0.404925,-4.985394,1.16653,0.003548,0.004139,0.0,,
gold,Gold,1d,score_intensity,Zero,457,0.004139,0.013712,50.547046,-0.404925,-4.985394,1.16653,0.003548,0.004139,0.0,,
gold,Gold,2d,regime,Mixed,457,0.078365,0.06291,51.422319,-0.647329,-4.985394,1.608557,0.048718,0.078365,0.0,,
gold,Gold,2d,score_sign,Zero,457,0.078365,0.06291,51.422319,-0.647329,-4.985394,1.608557,0.048718,0.078365,0.0,,
gold,Gold,2d,score_intensity,Zero,457,0.078365,0.06291,51.422319,-0.647329,-4.985394,1.608557,0.048718,0.078365,0.0,,
gold,Gold,3d,regime,Mixed,457,0.185844,0.114486,52.516411,-0.782649,-5.314641,1.817011,0.10228,0.185844,0.0,,
gold,Gold,3d,score_sign,Zero,457,0.185844,0.114486,52.516411,-0.782649,-5.314641,1.817011,0.10228,0.185844,0.0,,
gold,Gold,3d,score_intensity,Zero,457,0.185844,0.114486,52.516411,-0.782649,-5.314641,1.817011,0.10228,0.185844,0.0,,
gold,Gold,1w,regime,Mixed,457,0.286902,0.309371,56.455142,-1.101777,-9.617328,2.34522,0.122335,0.286902,0.0,,
gold,Gold,1w,score_sign,Zero,457,0.286902,0.309371,56.455142,-1.101777,-9.617328,2.34522,0.122335,0.286902,0.0,,
gold,Gold,1w,score_intensity,Zero,457,0.286902,0.309371,56.455142,-1.101777,-9.617328,2.34522,0.122335,0.286902,0.0,,
gold,Gold,2w,regime,Mixed,456,0.582743,0.356938,56.140351,-1.637391,-13.540912,3.169677,0.183849,0.582743,0.0,,
gold,Gold,2w,score_sign,Zero,456,0.582743,0.356938,56.140351,-1.637391,-13.540912,3.169677,0.183849,0.582743,0.0,,
gold,Gold,2w,score_intensity,Zero,456,0.582743,0.356938,56.140351,-1.637391,-13.540912,3.169677,0.183849,0.582743,0.0,,
gold,Gold,4w,regime,Mixed,453,1.186069,0.702279,57.395143,-2.323349,-16.60855,4.46902,0.265398,1.186069,0.0,,
gold,Gold,4w,score_sign,Zero,453,1.186069,0.702279,57.395143,-2.323349,-16.60855,4.46902,0.265398,1.186069,0.0,,
gold,Gold,4w,score_intensity,Zero,453,1.186069,0.702279,57.395143,-2.323349,-16.60855,4.46902,0.265398,1.186069,0.0,,
gold,Gold,13w,regime,Mixed,444,3.913021,3.518506,66.441441,-3.822127,-18.722962,8.290992,0.47196,3.913021,0.0,,
gold,Gold,13w,score_sign,Zero,444,3.913021,3.518506,66.441441,-3.822127,-18.722962,8.290992,0.47196,3.913021,0.0,,
gold,Gold,13w,score_intensity,Zero,444,3.913021,3.518506,66.441441,-3.822127,-18.722962,8.290992,0.47196,3.913021,0.0,,
gold,Gold,26w,regime,Mixed,431,8.496701,8.332627,74.013921,-4.739111,-23.929569,12.528594,0.678185,8.496701,0.0,,
gold,Gold,26w,score_sign,Zero,431,8.496701,8.332627,74.013921,-4.739111,-23.929569,12.528594,0.678185,8.496701,0.0,,
gold,Gold,26w,score_intensity,Zero,431,8.496701,8.332627,74.013921,-4.739111,-23.929569,12.528594,0.678185,8.496701,0.0,,
gold,Gold,52w,regime,Mixed,404,19.634579,18.302056,81.435644,-5.012119,-17.896697,19.501572,1.00682,19.634579,0.0,,
gold,Gold,52w,score_sign,Zero,404,19.634579,18.302056,81.435644,-5.012119,-17.896697,19.501572,1.00682,19.634579,0.0,,
gold,Gold,52w,score_intensity,Zero,404,19.634579,18.302056,81.435644,-5.012119,-17.896697,19.501572,1.00682,19.634579,0.0,,
