market,market_label,horizon,observations,score_return_corr,score_return_ols_slope,score_return_hac_t,score_return_hac_p_value,hac_lags,corr_permutation_p_value,positive_score_observations,negative_score_observations,positive_minus_negative_avg_return_pct,positive_minus_negative_welch_t,positive_minus_negative_bootstrap_ci_low_pct,positive_minus_negative_bootstrap_ci_high_pct,risk_on_observations,caution_observations,risk_on_minus_caution_avg_return_pct,risk_on_minus_caution_welch_t,risk_on_minus_caution_hac_t,risk_on_minus_caution_hac_p_value,minimum_directional_bucket_observations,drift_adjusted_observations,drift_adjusted_accuracy_pct,evidence_grade,extreme_score_observations,mild_score_observations,extreme_avg_abs_return_pct,mild_avg_abs_return_pct,extreme_minus_mild_abs_return_pct
sp500,S&P 500,1d,435,0.031152,0.02977,0.617393,0.536975,1,0.508746,111,136,-0.006125,-0.033985,-0.379477,0.328417,93,21,0.290518,1.099744,1.118433,0.263382,21,222,50.0,Unclear,40,133,1.076115,0.775657,0.300457
sp500,S&P 500,2d,435,-0.021553,-0.023557,-0.38858,0.697587,1,0.653673,111,136,-0.092532,-0.454287,-0.476311,0.309323,93,21,-0.019153,-0.046212,-0.046225,0.963131,21,222,48.198198,Unclear,40,133,1.684835,0.97895,0.705885
sp500,S&P 500,3d,435,-0.00316,-0.004641,-0.062078,0.950501,1,0.93953,111,136,-0.046815,-0.182232,-0.546267,0.44982,93,21,-0.298869,-0.565683,-0.578482,0.562939,21,222,51.801802,Unclear,40,133,2.286155,1.228391,1.057764
sp500,S&P 500,1w,435,0.010026,0.018982,0.203074,0.839077,1,0.842579,111,136,-0.040391,-0.125138,-0.680686,0.565406,93,21,0.343693,0.581648,0.591267,0.554341,21,222,51.801802,Unclear,40,133,2.67274,1.477993,1.194746
sp500,S&P 500,2w,434,0.056881,0.142949,0.973625,0.330243,1,0.238381,111,135,0.38798,0.985514,-0.377829,1.125615,93,21,1.081883,1.557496,1.340179,0.180187,21,221,54.298643,Unclear,40,132,3.363875,2.17062,1.193254
sp500,S&P 500,4w,431,0.088055,0.330944,1.24335,0.213739,3,0.067466,111,133,1.026595,1.838776,-0.063887,2.106683,93,21,1.963413,1.75974,1.485599,0.137385,21,219,52.511416,Unclear,40,130,5.305703,3.067903,2.2378
sp500,S&P 500,13w,422,0.103131,0.595312,0.909914,0.362868,12,0.037481,111,124,1.753163,1.828723,-0.23495,3.588864,93,21,6.855076,4.269646,2.949203,0.003186,21,210,55.714286,Supported,40,121,8.608391,5.965172,2.643219
sp500,S&P 500,26w,409,0.138977,1.048065,1.109278,0.26731,25,0.006497,110,121,2.795197,2.277639,0.403301,5.153177,92,21,11.78463,6.113039,3.08481,0.002037,21,206,55.825243,Supported,40,118,11.229288,9.996458,1.23283
sp500,S&P 500,52w,382,0.283326,3.17608,2.121874,0.033848,51,0.0005,109,99,9.533216,5.443028,6.114557,13.024117,92,21,19.559384,6.849651,3.498471,0.000468,21,183,71.038251,Supported,40,95,25.113865,18.039053,7.074811
nq,NASDAQ-100,1d,457,0.010128,0.014797,0.202699,0.839371,1,0.825587,114,89,0.223465,0.897647,-0.23937,0.740511,52,0,,,,,0,184,52.173913,Insufficient,20,151,1.037898,1.10356,-0.065661
nq,NASDAQ-100,2d,457,0.006202,0.010651,0.133137,0.894085,1,0.889055,114,89,0.116798,0.443042,-0.395056,0.623764,52,0,,,,,0,184,51.086957,Insufficient,20,151,1.453721,1.466545,-0.012824
nq,NASDAQ-100,3d,457,-0.031641,-0.068019,-0.719757,0.471675,1,0.490755,114,89,-0.083104,-0.236762,-0.800158,0.577336,52,0,,,,,0,184,48.913043,Insufficient,20,151,1.400574,1.923557,-0.522983
nq,NASDAQ-100,1w,457,0.032087,0.090429,0.756518,0.449339,1,0.496752,114,89,0.18386,0.410276,-0.654912,1.057175,52,0,,,,,0,184,53.26087,Insufficient,20,151,1.909994,2.409289,-0.499294
nq,NASDAQ-100,2w,456,0.050448,0.19248,1.133091,0.257176,1,0.263868,114,89,0.478675,0.852788,-0.684743,1.581656,52,0,,,,,0,184,53.804348,Insufficient,20,151,2.193364,3.250265,-1.056901
nq,NASDAQ-100,4w,453,0.02427,0.136622,0.459339,0.645991,3,0.616692,114,88,-0.21646,-0.276349,-1.811354,1.294298,52,0,,,,,0,183,53.551913,Insufficient,20,150,4.549137,4.689832,-0.140695
nq,NASDAQ-100,13w,444,0.066966,0.62809,1.034132,0.301075,12,0.168916,111,83,-0.175333,-0.134269,-2.768227,2.302828,50,0,,,,,0,175,53.142857,Insufficient,20,144,9.464417,8.408587,1.055829
nq,NASDAQ-100,26w,431,-0.015579,-0.201157,-0.215927,0.829045,25,0.755622,107,83,-3.429453,-1.997504,-6.651443,-0.160716,47,0,,,,,0,171,52.631579,Insufficient,20,143,13.796389,13.115948,0.680441
nq,NASDAQ-100,52w,404,-0.045696,-0.923188,-0.583335,0.559668,51,0.357821,107,71,-3.950838,-1.528871,-9.103549,1.077276,47,0,,,,,0,159,54.08805,Insufficient,20,131,26.603239,24.568423,2.034816
vix,VIX Futures,1d,457,,,,,1,,0,0,,,,,0,0,,,,,0,0,,Insufficient,0,0,,,
vix,VIX Futures,2d,457,,,,,1,,0,0,,,,,0,0,,,,,0,0,,Insufficient,0,0,,,
vix,VIX Futures,3d,457,,,,,1,,0,0,,,,,0,0,,,,,0,0,,Insufficient,0,0,,,
vix,VIX Futures,1w,457,,,,,1,,0,0,,,,,0,0,,,,,0,0,,Insufficient,0,0,,,
vix,VIX Futures,2w,456,,,,,1,,0,0,,,,,0,0,,,,,0,0,,Insufficient,0,0,,,
vix,VIX Futures,4w,454,,,,,3,,0,0,,,,,0,0,,,,,0,0,,Insufficient,0,0,,,
vix,VIX Futures,13w,444,,,,,12,,0,0,,,,,0,0,,,,,0,0,,Insufficient,0,0,,,
vix,VIX Futures,26w,431,,,,,25,,0,0,,,,,0,0,,,,,0,0,,Insufficient,0,0,,,
vix,VIX Futures,52w,405,,,,,51,,0,0,,,,,0,0,,,,,0,0,,Insufficient,0,0,,,
rty,Russell 2000,1d,139,,,,,1,,0,0,,,,,0,0,,,,,0,0,,Insufficient,0,0,,,
rty,Russell 2000,2d,139,,,,,1,,0,0,,,,,0,0,,,,,0,0,,Insufficient,0,0,,,
rty,Russell 2000,3d,139,,,,,1,,0,0,,,,,0,0,,,,,0,0,,Insufficient,0,0,,,
rty,Russell 2000,1w,139,,,,,1,,0,0,,,,,0,0,,,,,0,0,,Insufficient,0,0,,,
rty,Russell 2000,2w,138,,,,,1,,0,0,,,,,0,0,,,,,0,0,,Insufficient,0,0,,,
rty,Russell 2000,4w,135,,,,,3,,0,0,,,,,0,0,,,,,0,0,,Insufficient,0,0,,,
rty,Russell 2000,13w,126,,,,,12,,0,0,,,,,0,0,,,,,0,0,,Insufficient,0,0,,,
rty,Russell 2000,26w,113,,,,,25,,0,0,,,,,0,0,,,,,0,0,,Insufficient,0,0,,,
rty,Russell 2000,52w,86,,,,,51,,0,0,,,,,0,0,,,,,0,0,,Insufficient,0,0,,,
dow,Dow Jones,1d,457,,,,,1,,0,0,,,,,0,0,,,,,0,0,,Insufficient,0,0,,,
dow,Dow Jones,2d,457,,,,,1,,0,0,,,,,0,0,,,,,0,0,,Insufficient,0,0,,,
dow,Dow Jones,3d,457,,,,,1,,0,0,,,,,0,0,,,,,0,0,,Insufficient,0,0,,,
dow,Dow Jones,1w,457,,,,,1,,0,0,,,,,0,0,,,,,0,0,,Insufficient,0,0,,,
dow,Dow Jones,2w,456,,,,,1,,0,0,,,,,0,0,,,,,0,0,,Insufficient,0,0,,,
dow,Dow Jones,4w,453,,,,,3,,0,0,,,,,0,0,,,,,0,0,,Insufficient,0,0,,,
dow,Dow Jones,13w,444,,,,,12,,0,0,,,,,0,0,,,,,0,0,,Insufficient,0,0,,,
dow,Dow Jones,26w,431,,,,,25,,0,0,,,,,0,0,,,,,0,0,,Insufficient,0,0,,,
dow,Dow Jones,52w,404,,,,,51,,0,0,,,,,0,0,,,,,0,0,,Insufficient,0,0,,,
gold,Gold,1d,457,,,,,1,,0,0,,,,,0,0,,,,,0,0,,Insufficient,0,0,,,
gold,Gold,2d,457,,,,,1,,0,0,,,,,0,0,,,,,0,0,,Insufficient,0,0,,,
gold,Gold,3d,457,,,,,1,,0,0,,,,,0,0,,,,,0,0,,Insufficient,0,0,,,
gold,Gold,1w,457,,,,,1,,0,0,,,,,0,0,,,,,0,0,,Insufficient,0,0,,,
gold,Gold,2w,456,,,,,1,,0,0,,,,,0,0,,,,,0,0,,Insufficient,0,0,,,
gold,Gold,4w,453,,,,,3,,0,0,,,,,0,0,,,,,0,0,,Insufficient,0,0,,,
gold,Gold,13w,444,,,,,12,,0,0,,,,,0,0,,,,,0,0,,Insufficient,0,0,,,
gold,Gold,26w,431,,,,,25,,0,0,,,,,0,0,,,,,0,0,,Insufficient,0,0,,,
gold,Gold,52w,404,,,,,51,,0,0,,,,,0,0,,,,,0,0,,Insufficient,0,0,,,
