category,relationship,position_metric,pearson_r,observations,return_metric
noncommercial,weekly change in noncommercial net/OI pct vs weekly price return,noncommercial_net_oi_pct_change,0.42115804137182516,560,
noncommercial,weekly change in noncommercial net/OI pct vs next monday close return,noncommercial_net_oi_pct_change,0.007504563835202194,559,next_week_monday_return
noncommercial,weekly change in noncommercial net/OI pct vs next monday single-day return,noncommercial_net_oi_pct_change,0.007504563835202194,559,next_week_monday_daily_return
noncommercial,weekly change in noncommercial net/OI pct vs next tuesday close return,noncommercial_net_oi_pct_change,-0.024872190179922513,559,next_week_tuesday_return
noncommercial,weekly change in noncommercial net/OI pct vs next tuesday single-day return,noncommercial_net_oi_pct_change,-0.07869228383649099,559,next_week_tuesday_daily_return
noncommercial,weekly change in noncommercial net/OI pct vs next wednesday close return,noncommercial_net_oi_pct_change,-0.039537039250900845,559,next_week_wednesday_return
noncommercial,weekly change in noncommercial net/OI pct vs next wednesday single-day return,noncommercial_net_oi_pct_change,-0.04585600837695443,559,next_week_wednesday_daily_return
noncommercial,weekly change in noncommercial net/OI pct vs next thursday close return,noncommercial_net_oi_pct_change,-0.011381761627786756,559,next_week_thursday_return
noncommercial,weekly change in noncommercial net/OI pct vs next thursday single-day return,noncommercial_net_oi_pct_change,0.061382399686402606,559,next_week_thursday_daily_return
noncommercial,weekly change in noncommercial net/OI pct vs next friday close return,noncommercial_net_oi_pct_change,-0.033736665581410585,559,next_week_friday_return
noncommercial,weekly change in noncommercial net/OI pct vs next friday single-day return,noncommercial_net_oi_pct_change,-0.055094529050903854,559,next_week_friday_daily_return
noncommercial,weekly change in noncommercial net/OI pct vs next week Monday-Friday return,noncommercial_net_oi_pct_change,-0.057818050480188544,559,next_week_mon_fri_return
noncommercial,weekly change in noncommercial net contracts vs weekly price return,noncommercial_net_change,0.5460331772720455,560,
noncommercial,weekly change in noncommercial net contracts vs next monday close return,noncommercial_net_change,0.000985479381130035,559,next_week_monday_return
noncommercial,weekly change in noncommercial net contracts vs next monday single-day return,noncommercial_net_change,0.000985479381130035,559,next_week_monday_daily_return
noncommercial,weekly change in noncommercial net contracts vs next tuesday close return,noncommercial_net_change,-0.03769834643938612,559,next_week_tuesday_return
noncommercial,weekly change in noncommercial net contracts vs next tuesday single-day return,noncommercial_net_change,-0.09550135803520639,559,next_week_tuesday_daily_return
noncommercial,weekly change in noncommercial net contracts vs next wednesday close return,noncommercial_net_change,-0.048454722817603914,559,next_week_wednesday_return
noncommercial,weekly change in noncommercial net contracts vs next wednesday single-day return,noncommercial_net_change,-0.036176375450799894,559,next_week_wednesday_daily_return
noncommercial,weekly change in noncommercial net contracts vs next thursday close return,noncommercial_net_change,-0.03475813756885126,559,next_week_thursday_return
noncommercial,weekly change in noncommercial net contracts vs next thursday single-day return,noncommercial_net_change,0.023374731402938383,559,next_week_thursday_daily_return
noncommercial,weekly change in noncommercial net contracts vs next friday close return,noncommercial_net_change,-0.05083620339084156,559,next_week_friday_return
noncommercial,weekly change in noncommercial net contracts vs next friday single-day return,noncommercial_net_change,-0.04186111936367812,559,next_week_friday_daily_return
noncommercial,weekly change in noncommercial net contracts vs next week Monday-Friday return,noncommercial_net_change,-0.07459206251203905,559,next_week_mon_fri_return
noncommercial,weekly change in noncommercial long/OI pct vs weekly price return,noncommercial_long_oi_pct_change,0.3257276013257156,560,
noncommercial,weekly change in noncommercial long/OI pct vs next monday close return,noncommercial_long_oi_pct_change,-0.025020462383285105,559,next_week_monday_return
noncommercial,weekly change in noncommercial long/OI pct vs next monday single-day return,noncommercial_long_oi_pct_change,-0.025020462383285105,559,next_week_monday_daily_return
noncommercial,weekly change in noncommercial long/OI pct vs next tuesday close return,noncommercial_long_oi_pct_change,-0.058806206373853386,559,next_week_tuesday_return
noncommercial,weekly change in noncommercial long/OI pct vs next tuesday single-day return,noncommercial_long_oi_pct_change,-0.08832782039971532,559,next_week_tuesday_daily_return
noncommercial,weekly change in noncommercial long/OI pct vs next wednesday close return,noncommercial_long_oi_pct_change,-0.06393305330558026,559,next_week_wednesday_return
noncommercial,weekly change in noncommercial long/OI pct vs next wednesday single-day return,noncommercial_long_oi_pct_change,-0.025778536272298348,559,next_week_wednesday_daily_return
noncommercial,weekly change in noncommercial long/OI pct vs next thursday close return,noncommercial_long_oi_pct_change,-0.0482404794735253,559,next_week_thursday_return
noncommercial,weekly change in noncommercial long/OI pct vs next thursday single-day return,noncommercial_long_oi_pct_change,0.025394033245470574,559,next_week_thursday_daily_return
noncommercial,weekly change in noncommercial long/OI pct vs next friday close return,noncommercial_long_oi_pct_change,-0.06084500257229382,559,next_week_friday_return
noncommercial,weekly change in noncommercial long/OI pct vs next friday single-day return,noncommercial_long_oi_pct_change,-0.03264214382233851,559,next_week_friday_daily_return
noncommercial,weekly change in noncommercial long/OI pct vs next week Monday-Friday return,noncommercial_long_oi_pct_change,-0.060076818009755596,559,next_week_mon_fri_return
noncommercial,weekly change in noncommercial short/OI pct vs weekly price return,noncommercial_short_oi_pct_change,-0.33292345527353134,560,
noncommercial,weekly change in noncommercial short/OI pct vs next monday close return,noncommercial_short_oi_pct_change,-0.04170500516986448,559,next_week_monday_return
noncommercial,weekly change in noncommercial short/OI pct vs next monday single-day return,noncommercial_short_oi_pct_change,-0.04170500516986448,559,next_week_monday_daily_return
noncommercial,weekly change in noncommercial short/OI pct vs next tuesday close return,noncommercial_short_oi_pct_change,-0.026260256759008883,559,next_week_tuesday_return
noncommercial,weekly change in noncommercial short/OI pct vs next tuesday single-day return,noncommercial_short_oi_pct_change,0.03033076960980043,559,next_week_tuesday_daily_return
noncommercial,weekly change in noncommercial short/OI pct vs next wednesday close return,noncommercial_short_oi_pct_change,-0.007454934796118334,559,next_week_wednesday_return
noncommercial,weekly change in noncommercial short/OI pct vs next wednesday single-day return,noncommercial_short_oi_pct_change,0.047491101055219934,559,next_week_wednesday_daily_return
noncommercial,weekly change in noncommercial short/OI pct vs next thursday close return,noncommercial_short_oi_pct_change,-0.03677113498819036,559,next_week_thursday_return
noncommercial,weekly change in noncommercial short/OI pct vs next thursday single-day return,noncommercial_short_oi_pct_change,-0.07414681248033644,559,next_week_thursday_daily_return
noncommercial,weekly change in noncommercial short/OI pct vs next friday close return,noncommercial_short_oi_pct_change,-0.013662558814526387,559,next_week_friday_return
noncommercial,weekly change in noncommercial short/OI pct vs next friday single-day return,noncommercial_short_oi_pct_change,0.055120900450887765,559,next_week_friday_daily_return
noncommercial,weekly change in noncommercial short/OI pct vs next week Monday-Friday return,noncommercial_short_oi_pct_change,0.02787977020908577,559,next_week_mon_fri_return
noncommercial,noncommercial net/OI pct vs next monday close return,noncommercial_net_oi_pct,-0.01822216478789949,560,next_week_monday_return
noncommercial,noncommercial net contracts vs next monday close return,noncommercial_net,-0.028132246471461626,560,next_week_monday_return
noncommercial,noncommercial long/OI pct vs next monday close return,noncommercial_long_oi_pct,-0.026227358898099695,560,next_week_monday_return
noncommercial,noncommercial short/OI pct vs next monday close return,noncommercial_short_oi_pct,0.007156641701954139,560,next_week_monday_return
noncommercial,noncommercial net/OI pct vs next monday single-day return,noncommercial_net_oi_pct,-0.01822216478789949,560,next_week_monday_daily_return
noncommercial,noncommercial net contracts vs next monday single-day return,noncommercial_net,-0.028132246471461626,560,next_week_monday_daily_return
noncommercial,noncommercial long/OI pct vs next monday single-day return,noncommercial_long_oi_pct,-0.026227358898099695,560,next_week_monday_daily_return
noncommercial,noncommercial short/OI pct vs next monday single-day return,noncommercial_short_oi_pct,0.007156641701954139,560,next_week_monday_daily_return
noncommercial,noncommercial net/OI pct vs next tuesday close return,noncommercial_net_oi_pct,-0.020682162116696816,560,next_week_tuesday_return
noncommercial,noncommercial net contracts vs next tuesday close return,noncommercial_net,-0.024443154043025012,560,next_week_tuesday_return
noncommercial,noncommercial long/OI pct vs next tuesday close return,noncommercial_long_oi_pct,-0.030756756204322912,560,next_week_tuesday_return
noncommercial,noncommercial short/OI pct vs next tuesday close return,noncommercial_short_oi_pct,0.007215351240107948,560,next_week_tuesday_return
noncommercial,noncommercial net/OI pct vs next tuesday single-day return,noncommercial_net_oi_pct,-0.008471083286796091,560,next_week_tuesday_daily_return
noncommercial,noncommercial net contracts vs next tuesday single-day return,noncommercial_net,0.005406647316253652,560,next_week_tuesday_daily_return
noncommercial,noncommercial long/OI pct vs next tuesday single-day return,noncommercial_long_oi_pct,-0.016187867793103754,560,next_week_tuesday_daily_return
noncommercial,noncommercial short/OI pct vs next tuesday single-day return,noncommercial_short_oi_pct,-0.00034001751763798973,560,next_week_tuesday_daily_return
noncommercial,noncommercial net/OI pct vs next wednesday close return,noncommercial_net_oi_pct,-0.016875374714636234,560,next_week_wednesday_return
noncommercial,noncommercial net contracts vs next wednesday close return,noncommercial_net,-0.03130112689285936,560,next_week_wednesday_return
noncommercial,noncommercial long/OI pct vs next wednesday close return,noncommercial_long_oi_pct,-0.02956728924294243,560,next_week_wednesday_return
noncommercial,noncommercial short/OI pct vs next wednesday close return,noncommercial_short_oi_pct,0.0017831296919708732,560,next_week_wednesday_return
noncommercial,noncommercial net/OI pct vs next wednesday single-day return,noncommercial_net_oi_pct,0.004737241377984426,560,next_week_wednesday_daily_return
noncommercial,noncommercial net contracts vs next wednesday single-day return,noncommercial_net,-0.023802438886456567,560,next_week_wednesday_daily_return
noncommercial,noncommercial long/OI pct vs next wednesday single-day return,noncommercial_long_oi_pct,-0.004462058501959677,560,next_week_wednesday_daily_return
noncommercial,noncommercial short/OI pct vs next wednesday single-day return,noncommercial_short_oi_pct,-0.012213845600034735,560,next_week_wednesday_daily_return
noncommercial,noncommercial net/OI pct vs next thursday close return,noncommercial_net_oi_pct,-0.019769810101834068,560,next_week_thursday_return
noncommercial,noncommercial net contracts vs next thursday close return,noncommercial_net,-0.028072278039919622,560,next_week_thursday_return
noncommercial,noncommercial long/OI pct vs next thursday close return,noncommercial_long_oi_pct,-0.028082261355427997,560,next_week_thursday_return
noncommercial,noncommercial short/OI pct vs next thursday close return,noncommercial_short_oi_pct,0.008106483970967027,560,next_week_thursday_return
noncommercial,noncommercial net/OI pct vs next thursday single-day return,noncommercial_net_oi_pct,-0.009334687260774133,560,next_week_thursday_daily_return
noncommercial,noncommercial net contracts vs next thursday single-day return,noncommercial_net,0.0024277459538674653,560,next_week_thursday_daily_return
noncommercial,noncommercial long/OI pct vs next thursday single-day return,noncommercial_long_oi_pct,-0.0010313535242704292,560,next_week_thursday_daily_return
noncommercial,noncommercial short/OI pct vs next thursday single-day return,noncommercial_short_oi_pct,0.015050849073260675,560,next_week_thursday_daily_return
noncommercial,noncommercial net/OI pct vs next friday close return,noncommercial_net_oi_pct,-0.03496048441513527,560,next_week_friday_return
noncommercial,noncommercial net contracts vs next friday close return,noncommercial_net,-0.05577888943285608,560,next_week_friday_return
noncommercial,noncommercial long/OI pct vs next friday close return,noncommercial_long_oi_pct,-0.0337731431684475,560,next_week_friday_return
noncommercial,noncommercial short/OI pct vs next friday close return,noncommercial_short_oi_pct,0.028916527293727592,560,next_week_friday_return
noncommercial,noncommercial net/OI pct vs next friday single-day return,noncommercial_net_oi_pct,-0.03663532494970835,560,next_week_friday_daily_return
noncommercial,noncommercial net contracts vs next friday single-day return,noncommercial_net,-0.06916624599175421,560,next_week_friday_daily_return
noncommercial,noncommercial long/OI pct vs next friday single-day return,noncommercial_long_oi_pct,-0.015041889213821151,560,next_week_friday_daily_return
noncommercial,noncommercial short/OI pct vs next friday single-day return,noncommercial_short_oi_pct,0.04897860542980965,560,next_week_friday_daily_return
noncommercial,noncommercial net/OI pct vs next week Monday-Friday return,noncommercial_net_oi_pct,-0.028541526950953928,560,next_week_mon_fri_return
noncommercial,noncommercial net contracts vs next week Monday-Friday return,noncommercial_net,-0.04688743636736718,560,next_week_mon_fri_return
noncommercial,noncommercial long/OI pct vs next week Monday-Friday return,noncommercial_long_oi_pct,-0.019207078789881715,560,next_week_mon_fri_return
noncommercial,noncommercial short/OI pct vs next week Monday-Friday return,noncommercial_short_oi_pct,0.03128488844628634,560,next_week_mon_fri_return
noncommercial,noncommercial net/OI pct vs forward 1w price return,noncommercial_net_oi_pct,-0.019676163025929956,560,forward_return_1w
noncommercial,noncommercial net contracts vs forward 1w price return,noncommercial_net,-0.023381795974927087,560,forward_return_1w
noncommercial,noncommercial long/OI pct vs forward 1w price return,noncommercial_long_oi_pct,-0.029745274413964535,560,forward_return_1w
noncommercial,noncommercial short/OI pct vs forward 1w price return,noncommercial_short_oi_pct,0.006419659170401688,560,forward_return_1w
noncommercial,noncommercial net/OI pct vs forward 2w price return,noncommercial_net_oi_pct,-0.02179293892648789,559,forward_return_2w
noncommercial,noncommercial net contracts vs forward 2w price return,noncommercial_net,-0.027674767893011983,559,forward_return_2w
noncommercial,noncommercial long/OI pct vs forward 2w price return,noncommercial_long_oi_pct,-0.026641008580826034,559,forward_return_2w
noncommercial,noncommercial short/OI pct vs forward 2w price return,noncommercial_short_oi_pct,0.012879601990016268,559,forward_return_2w
noncommercial,noncommercial net/OI pct vs forward 3w price return,noncommercial_net_oi_pct,-0.023879264193284497,558,forward_return_3w
noncommercial,noncommercial net contracts vs forward 3w price return,noncommercial_net,-0.030234813865900167,558,forward_return_3w
noncommercial,noncommercial long/OI pct vs forward 3w price return,noncommercial_long_oi_pct,-0.030583727678346006,558,forward_return_3w
noncommercial,noncommercial short/OI pct vs forward 3w price return,noncommercial_short_oi_pct,0.012814851049217365,558,forward_return_3w
noncommercial,noncommercial net/OI pct vs forward 4w price return,noncommercial_net_oi_pct,-0.021225502787342216,557,forward_return_4w
noncommercial,noncommercial net contracts vs forward 4w price return,noncommercial_net,-0.028274838927397693,557,forward_return_4w
noncommercial,noncommercial long/OI pct vs forward 4w price return,noncommercial_long_oi_pct,-0.028169288996601653,557,forward_return_4w
noncommercial,noncommercial short/OI pct vs forward 4w price return,noncommercial_short_oi_pct,0.010471104771104415,557,forward_return_4w
noncommercial,noncommercial net/OI pct vs forward 13w price return,noncommercial_net_oi_pct,0.02576762088168936,548,forward_return_13w
noncommercial,noncommercial net contracts vs forward 13w price return,noncommercial_net,-0.014974925496310394,548,forward_return_13w
noncommercial,noncommercial long/OI pct vs forward 13w price return,noncommercial_long_oi_pct,0.03452951784776231,548,forward_return_13w
noncommercial,noncommercial short/OI pct vs forward 13w price return,noncommercial_short_oi_pct,-0.012305962919588078,548,forward_return_13w
noncommercial,noncommercial net/OI pct vs forward 26w price return,noncommercial_net_oi_pct,0.03217961302111312,535,forward_return_26w
noncommercial,noncommercial net contracts vs forward 26w price return,noncommercial_net,-0.015317178165750189,535,forward_return_26w
noncommercial,noncommercial long/OI pct vs forward 26w price return,noncommercial_long_oi_pct,0.08668365894698529,535,forward_return_26w
noncommercial,noncommercial short/OI pct vs forward 26w price return,noncommercial_short_oi_pct,0.02460387129113658,535,forward_return_26w
noncommercial,noncommercial net/OI pct vs forward 52w price return,noncommercial_net_oi_pct,0.08456567553030375,509,forward_return_52w
noncommercial,noncommercial net contracts vs forward 52w price return,noncommercial_net,0.033256678746342874,509,forward_return_52w
noncommercial,noncommercial long/OI pct vs forward 52w price return,noncommercial_long_oi_pct,0.09305738405102013,509,forward_return_52w
noncommercial,noncommercial short/OI pct vs forward 52w price return,noncommercial_short_oi_pct,-0.05864726812898485,509,forward_return_52w
commercial,weekly change in commercial net/OI pct vs weekly price return,commercial_net_oi_pct_change,-0.41055778999619397,560,
commercial,weekly change in commercial net/OI pct vs next monday close return,commercial_net_oi_pct_change,-0.0026042155410500346,559,next_week_monday_return
commercial,weekly change in commercial net/OI pct vs next monday single-day return,commercial_net_oi_pct_change,-0.0026042155410500346,559,next_week_monday_daily_return
commercial,weekly change in commercial net/OI pct vs next tuesday close return,commercial_net_oi_pct_change,0.02641190099187793,559,next_week_tuesday_return
commercial,weekly change in commercial net/OI pct vs next tuesday single-day return,commercial_net_oi_pct_change,0.07126873042030392,559,next_week_tuesday_daily_return
commercial,weekly change in commercial net/OI pct vs next wednesday close return,commercial_net_oi_pct_change,0.03731336164842934,559,next_week_wednesday_return
commercial,weekly change in commercial net/OI pct vs next wednesday single-day return,commercial_net_oi_pct_change,0.03646404343449819,559,next_week_wednesday_daily_return
commercial,weekly change in commercial net/OI pct vs next thursday close return,commercial_net_oi_pct_change,0.002357712994989498,559,next_week_thursday_return
commercial,weekly change in commercial net/OI pct vs next thursday single-day return,commercial_net_oi_pct_change,-0.07894976991298579,559,next_week_thursday_daily_return
commercial,weekly change in commercial net/OI pct vs next friday close return,commercial_net_oi_pct_change,0.025510784096782018,559,next_week_friday_return
commercial,weekly change in commercial net/OI pct vs next friday single-day return,commercial_net_oi_pct_change,0.056685808005334154,559,next_week_friday_daily_return
commercial,weekly change in commercial net/OI pct vs next week Monday-Friday return,commercial_net_oi_pct_change,0.04107098010859271,559,next_week_mon_fri_return
commercial,weekly change in commercial net contracts vs weekly price return,commercial_net_change,-0.5536976711125517,560,
commercial,weekly change in commercial net contracts vs next monday close return,commercial_net_change,0.004939260134394609,559,next_week_monday_return
commercial,weekly change in commercial net contracts vs next monday single-day return,commercial_net_change,0.004939260134394609,559,next_week_monday_daily_return
commercial,weekly change in commercial net contracts vs next tuesday close return,commercial_net_change,0.04097525847963265,559,next_week_tuesday_return
commercial,weekly change in commercial net contracts vs next tuesday single-day return,commercial_net_change,0.09014232991093836,559,next_week_tuesday_daily_return
commercial,weekly change in commercial net contracts vs next wednesday close return,commercial_net_change,0.048812126720855796,559,next_week_wednesday_return
commercial,weekly change in commercial net contracts vs next wednesday single-day return,commercial_net_change,0.029232888110933143,559,next_week_wednesday_daily_return
commercial,weekly change in commercial net contracts vs next thursday close return,commercial_net_change,0.028655646092979048,559,next_week_thursday_return
commercial,weekly change in commercial net contracts vs next thursday single-day return,commercial_net_change,-0.039483513882956046,559,next_week_thursday_daily_return
commercial,weekly change in commercial net contracts vs next friday close return,commercial_net_change,0.04466739817524136,559,next_week_friday_return
commercial,weekly change in commercial net contracts vs next friday single-day return,commercial_net_change,0.04149946707676027,559,next_week_friday_daily_return
commercial,weekly change in commercial net contracts vs next week Monday-Friday return,commercial_net_change,0.05962875942004193,559,next_week_mon_fri_return
commercial,weekly change in commercial long/OI pct vs weekly price return,commercial_long_oi_pct_change,-0.368523389390227,560,
commercial,weekly change in commercial long/OI pct vs next monday close return,commercial_long_oi_pct_change,0.02388083117105309,559,next_week_monday_return
commercial,weekly change in commercial long/OI pct vs next monday single-day return,commercial_long_oi_pct_change,0.02388083117105309,559,next_week_monday_daily_return
commercial,weekly change in commercial long/OI pct vs next tuesday close return,commercial_long_oi_pct_change,0.06368378205103147,559,next_week_tuesday_return
commercial,weekly change in commercial long/OI pct vs next tuesday single-day return,commercial_long_oi_pct_change,0.10293154263223328,559,next_week_tuesday_daily_return
commercial,weekly change in commercial long/OI pct vs next wednesday close return,commercial_long_oi_pct_change,0.06204479608461548,559,next_week_wednesday_return
commercial,weekly change in commercial long/OI pct vs next wednesday single-day return,commercial_long_oi_pct_change,0.00932039471396931,559,next_week_wednesday_daily_return
commercial,weekly change in commercial long/OI pct vs next thursday close return,commercial_long_oi_pct_change,0.029622035071856102,559,next_week_thursday_return
commercial,weekly change in commercial long/OI pct vs next thursday single-day return,commercial_long_oi_pct_change,-0.06869784290845085,559,next_week_thursday_daily_return
commercial,weekly change in commercial long/OI pct vs next friday close return,commercial_long_oi_pct_change,0.041808420560025525,559,next_week_friday_return
commercial,weekly change in commercial long/OI pct vs next friday single-day return,commercial_long_oi_pct_change,0.03208937039261222,559,next_week_friday_daily_return
commercial,weekly change in commercial long/OI pct vs next week Monday-Friday return,commercial_long_oi_pct_change,0.03422805906051205,559,next_week_mon_fri_return
commercial,weekly change in commercial short/OI pct vs weekly price return,commercial_short_oi_pct_change,0.2893569464180248,560,
commercial,weekly change in commercial short/OI pct vs next monday close return,commercial_short_oi_pct_change,0.018747108800920363,559,next_week_monday_return
commercial,weekly change in commercial short/OI pct vs next monday single-day return,commercial_short_oi_pct_change,0.018747108800920363,559,next_week_monday_daily_return
commercial,weekly change in commercial short/OI pct vs next tuesday close return,commercial_short_oi_pct_change,0.00717596101228426,559,next_week_tuesday_return
commercial,weekly change in commercial short/OI pct vs next tuesday single-day return,commercial_short_oi_pct_change,-0.02508690885560193,559,next_week_tuesday_daily_return
commercial,weekly change in commercial short/OI pct vs next wednesday close return,commercial_short_oi_pct_change,-0.00787469306209684,559,next_week_wednesday_return
commercial,weekly change in commercial short/OI pct vs next wednesday single-day return,commercial_short_oi_pct_change,-0.04079420880922862,559,next_week_wednesday_daily_return
commercial,weekly change in commercial short/OI pct vs next thursday close return,commercial_short_oi_pct_change,0.01608118078477812,559,next_week_thursday_return
commercial,weekly change in commercial short/OI pct vs next thursday single-day return,commercial_short_oi_pct_change,0.05702886444232765,559,next_week_thursday_daily_return
commercial,weekly change in commercial short/OI pct vs next friday close return,commercial_short_oi_pct_change,-0.005777978968883983,559,next_week_friday_return
commercial,weekly change in commercial short/OI pct vs next friday single-day return,commercial_short_oi_pct_change,-0.052064388828522136,559,next_week_friday_daily_return
commercial,weekly change in commercial short/OI pct vs next week Monday-Friday return,commercial_short_oi_pct_change,-0.030641188158609604,559,next_week_mon_fri_return
commercial,commercial net/OI pct vs next monday close return,commercial_net_oi_pct,0.02380750786766587,560,next_week_monday_return
commercial,commercial net contracts vs next monday close return,commercial_net,0.033383284453836225,560,next_week_monday_return
commercial,commercial long/OI pct vs next monday close return,commercial_long_oi_pct,0.027196207248843238,560,next_week_monday_return
commercial,commercial short/OI pct vs next monday close return,commercial_short_oi_pct,-0.017932390082050317,560,next_week_monday_return
commercial,commercial net/OI pct vs next monday single-day return,commercial_net_oi_pct,0.02380750786766587,560,next_week_monday_daily_return
commercial,commercial net contracts vs next monday single-day return,commercial_net,0.033383284453836225,560,next_week_monday_daily_return
commercial,commercial long/OI pct vs next monday single-day return,commercial_long_oi_pct,0.027196207248843238,560,next_week_monday_daily_return
commercial,commercial short/OI pct vs next monday single-day return,commercial_short_oi_pct,-0.017932390082050317,560,next_week_monday_daily_return
commercial,commercial net/OI pct vs next tuesday close return,commercial_net_oi_pct,0.026967303228405806,560,next_week_tuesday_return
commercial,commercial net contracts vs next tuesday close return,commercial_net,0.029559411159094426,560,next_week_tuesday_return
commercial,commercial long/OI pct vs next tuesday close return,commercial_long_oi_pct,0.021029701907828203,560,next_week_tuesday_return
commercial,commercial short/OI pct vs next tuesday close return,commercial_short_oi_pct,-0.026319963529036376,560,next_week_tuesday_return
commercial,commercial net/OI pct vs next tuesday single-day return,commercial_net_oi_pct,0.010666790531766336,560,next_week_tuesday_daily_return
commercial,commercial net contracts vs next tuesday single-day return,commercial_net,-0.005239725138099304,560,next_week_tuesday_daily_return
commercial,commercial long/OI pct vs next tuesday single-day return,commercial_long_oi_pct,-0.010582828658039323,560,next_week_tuesday_daily_return
commercial,commercial short/OI pct vs next tuesday single-day return,commercial_short_oi_pct,-0.02202571383670867,560,next_week_tuesday_daily_return
commercial,commercial net/OI pct vs next wednesday close return,commercial_net_oi_pct,0.019728512408300706,560,next_week_wednesday_return
commercial,commercial net contracts vs next wednesday close return,commercial_net,0.034153906036895804,560,next_week_wednesday_return
commercial,commercial long/OI pct vs next wednesday close return,commercial_long_oi_pct,0.011640174850019851,560,next_week_wednesday_return
commercial,commercial short/OI pct vs next wednesday close return,commercial_short_oi_pct,-0.02155602561080604,560,next_week_wednesday_return
commercial,commercial net/OI pct vs next wednesday single-day return,commercial_net_oi_pct,-0.012318721907895255,560,next_week_wednesday_daily_return
commercial,commercial net contracts vs next wednesday single-day return,commercial_net,0.019021191018788457,560,next_week_wednesday_daily_return
commercial,commercial long/OI pct vs next wednesday single-day return,commercial_long_oi_pct,-0.018721152808637197,560,next_week_wednesday_daily_return
commercial,commercial short/OI pct vs next wednesday single-day return,commercial_short_oi_pct,0.0064218666312278365,560,next_week_wednesday_daily_return
commercial,commercial net/OI pct vs next thursday close return,commercial_net_oi_pct,0.027488849259722257,560,next_week_thursday_return
commercial,commercial net contracts vs next thursday close return,commercial_net,0.03429033341896201,560,next_week_thursday_return
commercial,commercial long/OI pct vs next thursday close return,commercial_long_oi_pct,0.019302878236907527,560,next_week_thursday_return
commercial,commercial short/OI pct vs next thursday close return,commercial_short_oi_pct,-0.028140081550116505,560,next_week_thursday_return
commercial,commercial net/OI pct vs next thursday single-day return,commercial_net_oi_pct,0.021977848117360352,560,next_week_thursday_daily_return
commercial,commercial net contracts vs next thursday single-day return,commercial_net,0.006492539481488722,560,next_week_thursday_daily_return
commercial,commercial long/OI pct vs next thursday single-day return,commercial_long_oi_pct,0.020125021504724762,560,next_week_thursday_daily_return
commercial,commercial short/OI pct vs next thursday single-day return,commercial_short_oi_pct,-0.01961520751842848,560,next_week_thursday_daily_return
commercial,commercial net/OI pct vs next friday close return,commercial_net_oi_pct,0.04163687181494535,560,next_week_friday_return
commercial,commercial net contracts vs next friday close return,commercial_net,0.06207888585083855,560,next_week_friday_return
commercial,commercial long/OI pct vs next friday close return,commercial_long_oi_pct,0.02797552051008955,560,next_week_friday_return
commercial,commercial short/OI pct vs next friday close return,commercial_short_oi_pct,-0.04339892719927871,560,next_week_friday_return
commercial,commercial net/OI pct vs next friday single-day return,commercial_net_oi_pct,0.03428836972219112,560,next_week_friday_daily_return
commercial,commercial net contracts vs next friday single-day return,commercial_net,0.06951903661552196,560,next_week_friday_daily_return
commercial,commercial long/OI pct vs next friday single-day return,commercial_long_oi_pct,0.020102480118242137,560,next_week_friday_daily_return
commercial,commercial short/OI pct vs next friday single-day return,commercial_short_oi_pct,-0.03754343194503145,560,next_week_friday_daily_return
commercial,commercial net/OI pct vs next week Monday-Friday return,commercial_net_oi_pct,0.03184968193446474,560,next_week_mon_fri_return
commercial,commercial net contracts vs next week Monday-Friday return,commercial_net,0.04998429155695482,560,next_week_mon_fri_return
commercial,commercial long/OI pct vs next week Monday-Friday return,commercial_long_oi_pct,0.009122532433199904,560,next_week_mon_fri_return
commercial,commercial short/OI pct vs next week Monday-Friday return,commercial_short_oi_pct,-0.04074198163518805,560,next_week_mon_fri_return
commercial,commercial net/OI pct vs forward 1w price return,commercial_net_oi_pct,0.02593602761801817,560,forward_return_1w
commercial,commercial net contracts vs forward 1w price return,commercial_net,0.02845645342796009,560,forward_return_1w
commercial,commercial long/OI pct vs forward 1w price return,commercial_long_oi_pct,0.02013033307907201,560,forward_return_1w
commercial,commercial short/OI pct vs forward 1w price return,commercial_short_oi_pct,-0.025371918871563294,560,forward_return_1w
commercial,commercial net/OI pct vs forward 2w price return,commercial_net_oi_pct,0.03091924948744275,559,forward_return_2w
commercial,commercial net contracts vs forward 2w price return,commercial_net,0.03493464087799552,559,forward_return_2w
commercial,commercial long/OI pct vs forward 2w price return,commercial_long_oi_pct,0.011248570321871768,559,forward_return_2w
commercial,commercial short/OI pct vs forward 2w price return,commercial_short_oi_pct,-0.03805128588946033,559,forward_return_2w
commercial,commercial net/OI pct vs forward 3w price return,commercial_net_oi_pct,0.037038556583727573,558,forward_return_3w
commercial,commercial net contracts vs forward 3w price return,commercial_net,0.040912397652624014,558,forward_return_3w
commercial,commercial long/OI pct vs forward 3w price return,commercial_long_oi_pct,0.01259552174445659,558,forward_return_3w
commercial,commercial short/OI pct vs forward 3w price return,commercial_short_oi_pct,-0.04608324763874088,558,forward_return_3w
commercial,commercial net/OI pct vs forward 4w price return,commercial_net_oi_pct,0.037009283618835535,557,forward_return_4w
commercial,commercial net contracts vs forward 4w price return,commercial_net,0.04075898479506418,557,forward_return_4w
commercial,commercial long/OI pct vs forward 4w price return,commercial_long_oi_pct,0.005656025967362461,557,forward_return_4w
commercial,commercial short/OI pct vs forward 4w price return,commercial_short_oi_pct,-0.050242953357970396,557,forward_return_4w
commercial,commercial net/OI pct vs forward 13w price return,commercial_net_oi_pct,-0.007740886264904603,548,forward_return_13w
commercial,commercial net contracts vs forward 13w price return,commercial_net,0.030043125042713913,548,forward_return_13w
commercial,commercial long/OI pct vs forward 13w price return,commercial_long_oi_pct,-0.08318543709243083,548,forward_return_13w
commercial,commercial short/OI pct vs forward 13w price return,commercial_short_oi_pct,-0.039835177611329174,548,forward_return_13w
commercial,commercial net/OI pct vs forward 26w price return,commercial_net_oi_pct,-0.014789211805079503,535,forward_return_26w
commercial,commercial net contracts vs forward 26w price return,commercial_net,0.032325729489124926,535,forward_return_26w
commercial,commercial long/OI pct vs forward 26w price return,commercial_long_oi_pct,-0.14699990400859875,535,forward_return_26w
commercial,commercial short/OI pct vs forward 26w price return,commercial_short_oi_pct,-0.06792000903022892,535,forward_return_26w
commercial,commercial net/OI pct vs forward 52w price return,commercial_net_oi_pct,-0.079778474176434,509,forward_return_52w
commercial,commercial net contracts vs forward 52w price return,commercial_net,-0.025635396453206415,509,forward_return_52w
commercial,commercial long/OI pct vs forward 52w price return,commercial_long_oi_pct,-0.2150947153605868,509,forward_return_52w
commercial,commercial short/OI pct vs forward 52w price return,commercial_short_oi_pct,-0.01414854351011138,509,forward_return_52w
total_reportable,weekly change in total reportable net/OI pct vs weekly price return,total_reportable_net_oi_pct_change,0.02767506778607957,560,
total_reportable,weekly change in total reportable net/OI pct vs next monday close return,total_reportable_net_oi_pct_change,0.02301078738424577,559,next_week_monday_return
total_reportable,weekly change in total reportable net/OI pct vs next monday single-day return,total_reportable_net_oi_pct_change,0.02301078738424577,559,next_week_monday_daily_return
total_reportable,weekly change in total reportable net/OI pct vs next tuesday close return,total_reportable_net_oi_pct_change,0.008680386464260493,559,next_week_tuesday_return
total_reportable,weekly change in total reportable net/OI pct vs next tuesday single-day return,total_reportable_net_oi_pct_change,-0.03127341540696337,559,next_week_tuesday_daily_return
total_reportable,weekly change in total reportable net/OI pct vs next wednesday close return,total_reportable_net_oi_pct_change,-0.008517428838302369,559,next_week_wednesday_return
total_reportable,weekly change in total reportable net/OI pct vs next wednesday single-day return,total_reportable_net_oi_pct_change,-0.04242601091346598,559,next_week_wednesday_daily_return
total_reportable,weekly change in total reportable net/OI pct vs next thursday close return,total_reportable_net_oi_pct_change,-0.0425044822875093,559,next_week_thursday_return
total_reportable,weekly change in total reportable net/OI pct vs next thursday single-day return,total_reportable_net_oi_pct_change,-0.08719405133358478,559,next_week_thursday_daily_return
total_reportable,weekly change in total reportable net/OI pct vs next friday close return,total_reportable_net_oi_pct_change,-0.037500752562068085,559,next_week_friday_return
total_reportable,weekly change in total reportable net/OI pct vs next friday single-day return,total_reportable_net_oi_pct_change,0.010536405826651149,559,next_week_friday_daily_return
total_reportable,weekly change in total reportable net/OI pct vs next week Monday-Friday return,total_reportable_net_oi_pct_change,-0.0769265271088475,559,next_week_mon_fri_return
total_reportable,weekly change in total reportable net contracts vs weekly price return,total_reportable_net_change,-0.08079834174757167,560,
total_reportable,weekly change in total reportable net contracts vs next monday close return,total_reportable_net_change,0.03335975307152476,559,next_week_monday_return
total_reportable,weekly change in total reportable net contracts vs next monday single-day return,total_reportable_net_change,0.03335975307152476,559,next_week_monday_daily_return
total_reportable,weekly change in total reportable net contracts vs next tuesday close return,total_reportable_net_change,0.02104050254769323,559,next_week_tuesday_return
total_reportable,weekly change in total reportable net contracts vs next tuesday single-day return,total_reportable_net_change,-0.023768158508347195,559,next_week_tuesday_daily_return
total_reportable,weekly change in total reportable net contracts vs next wednesday close return,total_reportable_net_change,0.005297424557995873,559,next_week_wednesday_return
total_reportable,weekly change in total reportable net contracts vs next wednesday single-day return,total_reportable_net_change,-0.03672449915591155,559,next_week_wednesday_daily_return
total_reportable,weekly change in total reportable net contracts vs next thursday close return,total_reportable_net_change,-0.03207576080023129,559,next_week_thursday_return
total_reportable,weekly change in total reportable net contracts vs next thursday single-day return,total_reportable_net_change,-0.09246607899000851,559,next_week_thursday_daily_return
total_reportable,weekly change in total reportable net contracts vs next friday close return,total_reportable_net_change,-0.03136120170734539,559,next_week_friday_return
total_reportable,weekly change in total reportable net contracts vs next friday single-day return,total_reportable_net_change,0.0007941470020897473,559,next_week_friday_daily_return
total_reportable,weekly change in total reportable net contracts vs next week Monday-Friday return,total_reportable_net_change,-0.07936985003142041,559,next_week_mon_fri_return
total_reportable,weekly change in total reportable long/OI pct vs weekly price return,total_reportable_long_oi_pct_change,0.0503815128591199,560,
total_reportable,weekly change in total reportable long/OI pct vs next monday close return,total_reportable_long_oi_pct_change,0.03446300533415101,559,next_week_monday_return
total_reportable,weekly change in total reportable long/OI pct vs next monday single-day return,total_reportable_long_oi_pct_change,0.03446300533415101,559,next_week_monday_daily_return
total_reportable,weekly change in total reportable long/OI pct vs next tuesday close return,total_reportable_long_oi_pct_change,0.05289266634995757,559,next_week_tuesday_return
total_reportable,weekly change in total reportable long/OI pct vs next tuesday single-day return,total_reportable_long_oi_pct_change,0.045527561073973974,559,next_week_tuesday_daily_return
total_reportable,weekly change in total reportable long/OI pct vs next wednesday close return,total_reportable_long_oi_pct_change,0.02428560435121258,559,next_week_wednesday_return
total_reportable,weekly change in total reportable long/OI pct vs next wednesday single-day return,total_reportable_long_oi_pct_change,-0.06322282683621924,559,next_week_wednesday_daily_return
total_reportable,weekly change in total reportable long/OI pct vs next thursday close return,total_reportable_long_oi_pct_change,-0.015288063147114115,559,next_week_thursday_return
total_reportable,weekly change in total reportable long/OI pct vs next thursday single-day return,total_reportable_long_oi_pct_change,-0.0931388057866121,559,next_week_thursday_daily_return
total_reportable,weekly change in total reportable long/OI pct vs next friday close return,total_reportable_long_oi_pct_change,-0.02026824309541287,559,next_week_friday_return
total_reportable,weekly change in total reportable long/OI pct vs next friday single-day return,total_reportable_long_oi_pct_change,-0.009971545002421756,559,next_week_friday_daily_return
total_reportable,weekly change in total reportable long/OI pct vs next week Monday-Friday return,total_reportable_long_oi_pct_change,-0.06610854724571213,559,next_week_mon_fri_return
total_reportable,weekly change in total reportable short/OI pct vs weekly price return,total_reportable_short_oi_pct_change,0.02210289017013975,560,
total_reportable,weekly change in total reportable short/OI pct vs next monday close return,total_reportable_short_oi_pct_change,0.010312469311277215,559,next_week_monday_return
total_reportable,weekly change in total reportable short/OI pct vs next monday single-day return,total_reportable_short_oi_pct_change,0.010312469311277215,559,next_week_monday_daily_return
total_reportable,weekly change in total reportable short/OI pct vs next tuesday close return,total_reportable_short_oi_pct_change,0.047258083033108716,559,next_week_tuesday_return
total_reportable,weekly change in total reportable short/OI pct vs next tuesday single-day return,total_reportable_short_oi_pct_change,0.08639766268681229,559,next_week_tuesday_daily_return
total_reportable,weekly change in total reportable short/OI pct vs next wednesday close return,total_reportable_short_oi_pct_change,0.03645233834467887,559,next_week_wednesday_return
total_reportable,weekly change in total reportable short/OI pct vs next wednesday single-day return,total_reportable_short_oi_pct_change,-0.018667690978803365,559,next_week_wednesday_daily_return
total_reportable,weekly change in total reportable short/OI pct vs next thursday close return,total_reportable_short_oi_pct_change,0.03353616560576673,559,next_week_thursday_return
total_reportable,weekly change in total reportable short/OI pct vs next thursday single-day return,total_reportable_short_oi_pct_change,0.0016370973640383935,559,next_week_thursday_daily_return
total_reportable,weekly change in total reportable short/OI pct vs next friday close return,total_reportable_short_oi_pct_change,0.022217553761236793,559,next_week_friday_return
total_reportable,weekly change in total reportable short/OI pct vs next friday single-day return,total_reportable_short_oi_pct_change,-0.023273552122467032,559,next_week_friday_daily_return
total_reportable,weekly change in total reportable short/OI pct vs next week Monday-Friday return,total_reportable_short_oi_pct_change,0.01890655520321786,559,next_week_mon_fri_return
total_reportable,total reportable net/OI pct vs next monday close return,total_reportable_net_oi_pct,0.05046755362436595,560,next_week_monday_return
total_reportable,total reportable net contracts vs next monday close return,total_reportable_net,0.06284449369802018,560,next_week_monday_return
total_reportable,total reportable long/OI pct vs next monday close return,total_reportable_long_oi_pct,0.009075642143213263,560,next_week_monday_return
total_reportable,total reportable short/OI pct vs next monday close return,total_reportable_short_oi_pct,-0.07129327703197459,560,next_week_monday_return
total_reportable,total reportable net/OI pct vs next monday single-day return,total_reportable_net_oi_pct,0.05046755362436595,560,next_week_monday_daily_return
total_reportable,total reportable net contracts vs next monday single-day return,total_reportable_net,0.06284449369802018,560,next_week_monday_daily_return
total_reportable,total reportable long/OI pct vs next monday single-day return,total_reportable_long_oi_pct,0.009075642143213263,560,next_week_monday_daily_return
total_reportable,total reportable short/OI pct vs next monday single-day return,total_reportable_short_oi_pct,-0.07129327703197459,560,next_week_monday_daily_return
total_reportable,total reportable net/OI pct vs next tuesday close return,total_reportable_net_oi_pct,0.05689538815557465,560,next_week_tuesday_return
total_reportable,total reportable net contracts vs next tuesday close return,total_reportable_net,0.05934555420147675,560,next_week_tuesday_return
total_reportable,total reportable long/OI pct vs next tuesday close return,total_reportable_long_oi_pct,0.023124304972128126,560,next_week_tuesday_return
total_reportable,total reportable short/OI pct vs next tuesday close return,total_reportable_short_oi_pct,-0.06549304777025106,560,next_week_tuesday_return
total_reportable,total reportable net/OI pct vs next tuesday single-day return,total_reportable_net_oi_pct,0.0206133656317156,560,next_week_tuesday_daily_return
total_reportable,total reportable net contracts vs next tuesday single-day return,total_reportable_net,-0.0020072472786350545,560,next_week_tuesday_daily_return
total_reportable,total reportable long/OI pct vs next tuesday single-day return,total_reportable_long_oi_pct,0.03200971299814213,560,next_week_tuesday_daily_return
total_reportable,total reportable short/OI pct vs next tuesday single-day return,total_reportable_short_oi_pct,0.003546935862393683,560,next_week_tuesday_daily_return
total_reportable,total reportable net/OI pct vs next wednesday close return,total_reportable_net_oi_pct,0.030256858215425595,560,next_week_wednesday_return
total_reportable,total reportable net contracts vs next wednesday close return,total_reportable_net,0.044323067623507524,560,next_week_wednesday_return
total_reportable,total reportable long/OI pct vs next wednesday close return,total_reportable_long_oi_pct,-0.010308666022796023,560,next_week_wednesday_return
total_reportable,total reportable short/OI pct vs next wednesday close return,total_reportable_short_oi_pct,-0.06092062836466236,560,next_week_wednesday_return
total_reportable,total reportable net/OI pct vs next wednesday single-day return,total_reportable_net_oi_pct,-0.05667346305338692,560,next_week_wednesday_daily_return
total_reportable,total reportable net contracts vs next wednesday single-day return,total_reportable_net,-0.025811260496117566,560,next_week_wednesday_daily_return
total_reportable,total reportable long/OI pct vs next wednesday single-day return,total_reportable_long_oi_pct,-0.08187896193510733,560,next_week_wednesday_daily_return
total_reportable,total reportable short/OI pct vs next wednesday single-day return,total_reportable_short_oi_pct,-0.002679998329775198,560,next_week_wednesday_daily_return
total_reportable,total reportable net/OI pct vs next thursday close return,total_reportable_net_oi_pct,0.06654431757386257,560,next_week_thursday_return
total_reportable,total reportable net contracts vs next thursday close return,total_reportable_net,0.07108667612094877,560,next_week_thursday_return
total_reportable,total reportable long/OI pct vs next thursday close return,total_reportable_long_oi_pct,0.02201499301010066,560,next_week_thursday_return
total_reportable,total reportable short/OI pct vs next thursday close return,total_reportable_short_oi_pct,-0.08240671869758573,560,next_week_thursday_return
total_reportable,total reportable net/OI pct vs next thursday single-day return,total_reportable_net_oi_pct,0.09535956423600599,560,next_week_thursday_daily_return
total_reportable,total reportable net contracts vs next thursday single-day return,total_reportable_net,0.07483879212761878,560,next_week_thursday_daily_return
total_reportable,total reportable long/OI pct vs next thursday single-day return,total_reportable_long_oi_pct,0.07731401622946624,560,next_week_thursday_daily_return
total_reportable,total reportable short/OI pct vs next thursday single-day return,total_reportable_short_oi_pct,-0.06526851233080666,560,next_week_thursday_daily_return
total_reportable,total reportable net/OI pct vs next friday close return,total_reportable_net_oi_pct,0.06812262238101728,560,next_week_friday_return
total_reportable,total reportable net contracts vs next friday close return,total_reportable_net,0.08939909845809282,560,next_week_friday_return
total_reportable,total reportable long/OI pct vs next friday close return,total_reportable_long_oi_pct,0.009923258028908265,560,next_week_friday_return
total_reportable,total reportable short/OI pct vs next friday close return,total_reportable_short_oi_pct,-0.0989199541614332,560,next_week_friday_return
total_reportable,total reportable net/OI pct vs next friday single-day return,total_reportable_net_oi_pct,0.004997336540606473,560,next_week_friday_daily_return
total_reportable,total reportable net contracts vs next friday single-day return,total_reportable_net,0.046984066541130534,560,next_week_friday_daily_return
total_reportable,total reportable long/OI pct vs next friday single-day return,total_reportable_long_oi_pct,-0.03164470612797365,560,next_week_friday_daily_return
total_reportable,total reportable short/OI pct vs next friday single-day return,total_reportable_short_oi_pct,-0.044620454728312095,560,next_week_friday_daily_return
total_reportable,total reportable net/OI pct vs next week Monday-Friday return,total_reportable_net_oi_pct,0.04039183653522667,560,next_week_mon_fri_return
total_reportable,total reportable net contracts vs next week Monday-Friday return,total_reportable_net,0.056319940670463725,560,next_week_mon_fri_return
total_reportable,total reportable long/OI pct vs next week Monday-Friday return,total_reportable_long_oi_pct,0.0025675275313728793,560,next_week_mon_fri_return
total_reportable,total reportable short/OI pct vs next week Monday-Friday return,total_reportable_short_oi_pct,-0.06248000430994007,560,next_week_mon_fri_return
total_reportable,total reportable net/OI pct vs forward 1w price return,total_reportable_net_oi_pct,0.05612062442144264,560,forward_return_1w
total_reportable,total reportable net contracts vs forward 1w price return,total_reportable_net,0.0583147310441258,560,forward_return_1w
total_reportable,total reportable long/OI pct vs forward 1w price return,total_reportable_long_oi_pct,0.02289928668175381,560,forward_return_1w
total_reportable,total reportable short/OI pct vs forward 1w price return,total_reportable_short_oi_pct,-0.06449747691691111,560,forward_return_1w
total_reportable,total reportable net/OI pct vs forward 2w price return,total_reportable_net_oi_pct,0.07778894603571411,559,forward_return_2w
total_reportable,total reportable net contracts vs forward 2w price return,total_reportable_net,0.07981674457269733,559,forward_return_2w
total_reportable,total reportable long/OI pct vs forward 2w price return,total_reportable_long_oi_pct,0.010922933840597395,559,forward_return_2w
total_reportable,total reportable short/OI pct vs forward 2w price return,total_reportable_short_oi_pct,-0.11315065832036693,559,forward_return_2w
total_reportable,total reportable net/OI pct vs forward 3w price return,total_reportable_net_oi_pct,0.10761810711520338,558,forward_return_3w
total_reportable,total reportable net contracts vs forward 3w price return,total_reportable_net,0.110736110259572,558,forward_return_3w
total_reportable,total reportable long/OI pct vs forward 3w price return,total_reportable_long_oi_pct,0.03354893649560786,558,forward_return_3w
total_reportable,total reportable short/OI pct vs forward 3w price return,total_reportable_short_oi_pct,-0.13518011074805394,558,forward_return_3w
total_reportable,total reportable net/OI pct vs forward 4w price return,total_reportable_net_oi_pct,0.12485685131127293,557,forward_return_4w
total_reportable,total reportable net contracts vs forward 4w price return,total_reportable_net,0.12511006760192836,557,forward_return_4w
total_reportable,total reportable long/OI pct vs forward 4w price return,total_reportable_long_oi_pct,0.031313807496004056,557,forward_return_4w
total_reportable,total reportable short/OI pct vs forward 4w price return,total_reportable_short_oi_pct,-0.1651325994279017,557,forward_return_4w
total_reportable,total reportable net/OI pct vs forward 13w price return,total_reportable_net_oi_pct,0.11446504727455283,548,forward_return_13w
total_reportable,total reportable net contracts vs forward 13w price return,total_reportable_net,0.13935160149642875,548,forward_return_13w
total_reportable,total reportable long/OI pct vs forward 13w price return,total_reportable_long_oi_pct,-0.0052939834077513565,548,forward_return_13w
total_reportable,total reportable short/OI pct vs forward 13w price return,total_reportable_short_oi_pct,-0.18845445761011523,548,forward_return_13w
total_reportable,total reportable net/OI pct vs forward 26w price return,total_reportable_net_oi_pct,0.11285319779026093,535,forward_return_26w
total_reportable,total reportable net contracts vs forward 26w price return,total_reportable_net,0.1580792842615817,535,forward_return_26w
total_reportable,total reportable long/OI pct vs forward 26w price return,total_reportable_long_oi_pct,-0.05233775105597048,535,forward_return_26w
total_reportable,total reportable short/OI pct vs forward 26w price return,total_reportable_short_oi_pct,-0.2264718450732228,535,forward_return_26w
total_reportable,total reportable net/OI pct vs forward 52w price return,total_reportable_net_oi_pct,-0.007776871975226145,509,forward_return_52w
total_reportable,total reportable net contracts vs forward 52w price return,total_reportable_net,0.04805038390643107,509,forward_return_52w
total_reportable,total reportable long/OI pct vs forward 52w price return,total_reportable_long_oi_pct,-0.10696419323035886,509,forward_return_52w
total_reportable,total reportable short/OI pct vs forward 52w price return,total_reportable_short_oi_pct,-0.09164189949202993,509,forward_return_52w
nonreportable,weekly change in nonreportable net/OI pct vs weekly price return,nonreportable_net_oi_pct_change,-0.02767506778607957,560,
nonreportable,weekly change in nonreportable net/OI pct vs next monday close return,nonreportable_net_oi_pct_change,-0.02301078738424577,559,next_week_monday_return
nonreportable,weekly change in nonreportable net/OI pct vs next monday single-day return,nonreportable_net_oi_pct_change,-0.02301078738424577,559,next_week_monday_daily_return
nonreportable,weekly change in nonreportable net/OI pct vs next tuesday close return,nonreportable_net_oi_pct_change,-0.008680386464260493,559,next_week_tuesday_return
nonreportable,weekly change in nonreportable net/OI pct vs next tuesday single-day return,nonreportable_net_oi_pct_change,0.03127341540696337,559,next_week_tuesday_daily_return
nonreportable,weekly change in nonreportable net/OI pct vs next wednesday close return,nonreportable_net_oi_pct_change,0.008517428838302369,559,next_week_wednesday_return
nonreportable,weekly change in nonreportable net/OI pct vs next wednesday single-day return,nonreportable_net_oi_pct_change,0.04242601091346598,559,next_week_wednesday_daily_return
nonreportable,weekly change in nonreportable net/OI pct vs next thursday close return,nonreportable_net_oi_pct_change,0.0425044822875093,559,next_week_thursday_return
nonreportable,weekly change in nonreportable net/OI pct vs next thursday single-day return,nonreportable_net_oi_pct_change,0.08719405133358478,559,next_week_thursday_daily_return
nonreportable,weekly change in nonreportable net/OI pct vs next friday close return,nonreportable_net_oi_pct_change,0.037500752562068085,559,next_week_friday_return
nonreportable,weekly change in nonreportable net/OI pct vs next friday single-day return,nonreportable_net_oi_pct_change,-0.010536405826651149,559,next_week_friday_daily_return
nonreportable,weekly change in nonreportable net/OI pct vs next week Monday-Friday return,nonreportable_net_oi_pct_change,0.0769265271088475,559,next_week_mon_fri_return
nonreportable,weekly change in nonreportable net contracts vs weekly price return,nonreportable_net_change,0.08079834174757167,560,
nonreportable,weekly change in nonreportable net contracts vs next monday close return,nonreportable_net_change,-0.03335975307152476,559,next_week_monday_return
nonreportable,weekly change in nonreportable net contracts vs next monday single-day return,nonreportable_net_change,-0.03335975307152476,559,next_week_monday_daily_return
nonreportable,weekly change in nonreportable net contracts vs next tuesday close return,nonreportable_net_change,-0.02104050254769323,559,next_week_tuesday_return
nonreportable,weekly change in nonreportable net contracts vs next tuesday single-day return,nonreportable_net_change,0.023768158508347195,559,next_week_tuesday_daily_return
nonreportable,weekly change in nonreportable net contracts vs next wednesday close return,nonreportable_net_change,-0.005297424557995873,559,next_week_wednesday_return
nonreportable,weekly change in nonreportable net contracts vs next wednesday single-day return,nonreportable_net_change,0.03672449915591155,559,next_week_wednesday_daily_return
nonreportable,weekly change in nonreportable net contracts vs next thursday close return,nonreportable_net_change,0.03207576080023129,559,next_week_thursday_return
nonreportable,weekly change in nonreportable net contracts vs next thursday single-day return,nonreportable_net_change,0.09246607899000851,559,next_week_thursday_daily_return
nonreportable,weekly change in nonreportable net contracts vs next friday close return,nonreportable_net_change,0.03136120170734539,559,next_week_friday_return
nonreportable,weekly change in nonreportable net contracts vs next friday single-day return,nonreportable_net_change,-0.0007941470020897473,559,next_week_friday_daily_return
nonreportable,weekly change in nonreportable net contracts vs next week Monday-Friday return,nonreportable_net_change,0.07936985003142041,559,next_week_mon_fri_return
nonreportable,weekly change in nonreportable long/OI pct vs weekly price return,nonreportable_long_oi_pct_change,-0.05038151285912003,560,
nonreportable,weekly change in nonreportable long/OI pct vs next monday close return,nonreportable_long_oi_pct_change,-0.03446300533415147,559,next_week_monday_return
nonreportable,weekly change in nonreportable long/OI pct vs next monday single-day return,nonreportable_long_oi_pct_change,-0.03446300533415147,559,next_week_monday_daily_return
nonreportable,weekly change in nonreportable long/OI pct vs next tuesday close return,nonreportable_long_oi_pct_change,-0.052892666349958026,559,next_week_tuesday_return
nonreportable,weekly change in nonreportable long/OI pct vs next tuesday single-day return,nonreportable_long_oi_pct_change,-0.045527561073974133,559,next_week_tuesday_daily_return
nonreportable,weekly change in nonreportable long/OI pct vs next wednesday close return,nonreportable_long_oi_pct_change,-0.024285604351212704,559,next_week_wednesday_return
nonreportable,weekly change in nonreportable long/OI pct vs next wednesday single-day return,nonreportable_long_oi_pct_change,0.06322282683622006,559,next_week_wednesday_daily_return
nonreportable,weekly change in nonreportable long/OI pct vs next thursday close return,nonreportable_long_oi_pct_change,0.01528806314711401,559,next_week_thursday_return
nonreportable,weekly change in nonreportable long/OI pct vs next thursday single-day return,nonreportable_long_oi_pct_change,0.09313880578661216,559,next_week_thursday_daily_return
nonreportable,weekly change in nonreportable long/OI pct vs next friday close return,nonreportable_long_oi_pct_change,0.020268243095413127,559,next_week_friday_return
nonreportable,weekly change in nonreportable long/OI pct vs next friday single-day return,nonreportable_long_oi_pct_change,0.009971545002422633,559,next_week_friday_daily_return
nonreportable,weekly change in nonreportable long/OI pct vs next week Monday-Friday return,nonreportable_long_oi_pct_change,0.06610854724571294,559,next_week_mon_fri_return
nonreportable,weekly change in nonreportable short/OI pct vs weekly price return,nonreportable_short_oi_pct_change,-0.022102890170141287,560,
nonreportable,weekly change in nonreportable short/OI pct vs next monday close return,nonreportable_short_oi_pct_change,-0.01031246931127656,559,next_week_monday_return
nonreportable,weekly change in nonreportable short/OI pct vs next monday single-day return,nonreportable_short_oi_pct_change,-0.01031246931127656,559,next_week_monday_daily_return
nonreportable,weekly change in nonreportable short/OI pct vs next tuesday close return,nonreportable_short_oi_pct_change,-0.047258083033108016,559,next_week_tuesday_return
nonreportable,weekly change in nonreportable short/OI pct vs next tuesday single-day return,nonreportable_short_oi_pct_change,-0.08639766268681205,559,next_week_tuesday_daily_return
nonreportable,weekly change in nonreportable short/OI pct vs next wednesday close return,nonreportable_short_oi_pct_change,-0.036452338344677725,559,next_week_wednesday_return
nonreportable,weekly change in nonreportable short/OI pct vs next wednesday single-day return,nonreportable_short_oi_pct_change,0.018667690978804722,559,next_week_wednesday_daily_return
nonreportable,weekly change in nonreportable short/OI pct vs next thursday close return,nonreportable_short_oi_pct_change,-0.033536165605766034,559,next_week_thursday_return
nonreportable,weekly change in nonreportable short/OI pct vs next thursday single-day return,nonreportable_short_oi_pct_change,-0.001637097364039229,559,next_week_thursday_daily_return
nonreportable,weekly change in nonreportable short/OI pct vs next friday close return,nonreportable_short_oi_pct_change,-0.022217553761235926,559,next_week_friday_return
nonreportable,weekly change in nonreportable short/OI pct vs next friday single-day return,nonreportable_short_oi_pct_change,0.023273552122467494,559,next_week_friday_daily_return
nonreportable,weekly change in nonreportable short/OI pct vs next week Monday-Friday return,nonreportable_short_oi_pct_change,-0.018906555203217348,559,next_week_mon_fri_return
nonreportable,nonreportable net/OI pct vs next monday close return,nonreportable_net_oi_pct,-0.05046755362436595,560,next_week_monday_return
nonreportable,nonreportable net contracts vs next monday close return,nonreportable_net,-0.06284449369802018,560,next_week_monday_return
nonreportable,nonreportable long/OI pct vs next monday close return,nonreportable_long_oi_pct,-0.00907564214321316,560,next_week_monday_return
nonreportable,nonreportable short/OI pct vs next monday close return,nonreportable_short_oi_pct,0.07129327703197506,560,next_week_monday_return
nonreportable,nonreportable net/OI pct vs next monday single-day return,nonreportable_net_oi_pct,-0.05046755362436595,560,next_week_monday_daily_return
nonreportable,nonreportable net contracts vs next monday single-day return,nonreportable_net,-0.06284449369802018,560,next_week_monday_daily_return
nonreportable,nonreportable long/OI pct vs next monday single-day return,nonreportable_long_oi_pct,-0.00907564214321316,560,next_week_monday_daily_return
nonreportable,nonreportable short/OI pct vs next monday single-day return,nonreportable_short_oi_pct,0.07129327703197506,560,next_week_monday_daily_return
nonreportable,nonreportable net/OI pct vs next tuesday close return,nonreportable_net_oi_pct,-0.05689538815557465,560,next_week_tuesday_return
nonreportable,nonreportable net contracts vs next tuesday close return,nonreportable_net,-0.05934555420147675,560,next_week_tuesday_return
nonreportable,nonreportable long/OI pct vs next tuesday close return,nonreportable_long_oi_pct,-0.023124304972127977,560,next_week_tuesday_return
nonreportable,nonreportable short/OI pct vs next tuesday close return,nonreportable_short_oi_pct,0.0654930477702515,560,next_week_tuesday_return
nonreportable,nonreportable net/OI pct vs next tuesday single-day return,nonreportable_net_oi_pct,-0.0206133656317156,560,next_week_tuesday_daily_return
nonreportable,nonreportable net contracts vs next tuesday single-day return,nonreportable_net,0.0020072472786350545,560,next_week_tuesday_daily_return
nonreportable,nonreportable long/OI pct vs next tuesday single-day return,nonreportable_long_oi_pct,-0.03200971299814202,560,next_week_tuesday_daily_return
nonreportable,nonreportable short/OI pct vs next tuesday single-day return,nonreportable_short_oi_pct,-0.0035469358623935613,560,next_week_tuesday_daily_return
nonreportable,nonreportable net/OI pct vs next wednesday close return,nonreportable_net_oi_pct,-0.030256858215425595,560,next_week_wednesday_return
nonreportable,nonreportable net contracts vs next wednesday close return,nonreportable_net,-0.044323067623507524,560,next_week_wednesday_return
nonreportable,nonreportable long/OI pct vs next wednesday close return,nonreportable_long_oi_pct,0.010308666022796358,560,next_week_wednesday_return
nonreportable,nonreportable short/OI pct vs next wednesday close return,nonreportable_short_oi_pct,0.060920628364662936,560,next_week_wednesday_return
nonreportable,nonreportable net/OI pct vs next wednesday single-day return,nonreportable_net_oi_pct,0.05667346305338692,560,next_week_wednesday_daily_return
nonreportable,nonreportable net contracts vs next wednesday single-day return,nonreportable_net,0.025811260496117566,560,next_week_wednesday_daily_return
nonreportable,nonreportable long/OI pct vs next wednesday single-day return,nonreportable_long_oi_pct,0.08187896193510785,560,next_week_wednesday_daily_return
nonreportable,nonreportable short/OI pct vs next wednesday single-day return,nonreportable_short_oi_pct,0.0026799983297757595,560,next_week_wednesday_daily_return
nonreportable,nonreportable net/OI pct vs next thursday close return,nonreportable_net_oi_pct,-0.06654431757386257,560,next_week_thursday_return
nonreportable,nonreportable net contracts vs next thursday close return,nonreportable_net,-0.07108667612094877,560,next_week_thursday_return
nonreportable,nonreportable long/OI pct vs next thursday close return,nonreportable_long_oi_pct,-0.022014993010100403,560,next_week_thursday_return
nonreportable,nonreportable short/OI pct vs next thursday close return,nonreportable_short_oi_pct,0.08240671869758613,560,next_week_thursday_return
nonreportable,nonreportable net/OI pct vs next thursday single-day return,nonreportable_net_oi_pct,-0.09535956423600599,560,next_week_thursday_daily_return
nonreportable,nonreportable net contracts vs next thursday single-day return,nonreportable_net,-0.07483879212761878,560,next_week_thursday_daily_return
nonreportable,nonreportable long/OI pct vs next thursday single-day return,nonreportable_long_oi_pct,-0.07731401622946625,560,next_week_thursday_daily_return
nonreportable,nonreportable short/OI pct vs next thursday single-day return,nonreportable_short_oi_pct,0.06526851233080616,560,next_week_thursday_daily_return
nonreportable,nonreportable net/OI pct vs next friday close return,nonreportable_net_oi_pct,-0.06812262238101728,560,next_week_friday_return
nonreportable,nonreportable net contracts vs next friday close return,nonreportable_net,-0.08939909845809282,560,next_week_friday_return
nonreportable,nonreportable long/OI pct vs next friday close return,nonreportable_long_oi_pct,-0.00992325802890791,560,next_week_friday_return
nonreportable,nonreportable short/OI pct vs next friday close return,nonreportable_short_oi_pct,0.09891995416143366,560,next_week_friday_return
nonreportable,nonreportable net/OI pct vs next friday single-day return,nonreportable_net_oi_pct,-0.004997336540606473,560,next_week_friday_daily_return
nonreportable,nonreportable net contracts vs next friday single-day return,nonreportable_net,-0.046984066541130534,560,next_week_friday_daily_return
nonreportable,nonreportable long/OI pct vs next friday single-day return,nonreportable_long_oi_pct,0.0316447061279738,560,next_week_friday_daily_return
nonreportable,nonreportable short/OI pct vs next friday single-day return,nonreportable_short_oi_pct,0.044620454728312275,560,next_week_friday_daily_return
nonreportable,nonreportable net/OI pct vs next week Monday-Friday return,nonreportable_net_oi_pct,-0.04039183653522667,560,next_week_mon_fri_return
nonreportable,nonreportable net contracts vs next week Monday-Friday return,nonreportable_net,-0.056319940670463725,560,next_week_mon_fri_return
nonreportable,nonreportable long/OI pct vs next week Monday-Friday return,nonreportable_long_oi_pct,-0.0025675275313725428,560,next_week_mon_fri_return
nonreportable,nonreportable short/OI pct vs next week Monday-Friday return,nonreportable_short_oi_pct,0.06248000430994028,560,next_week_mon_fri_return
nonreportable,nonreportable net/OI pct vs forward 1w price return,nonreportable_net_oi_pct,-0.05612062442144264,560,forward_return_1w
nonreportable,nonreportable net contracts vs forward 1w price return,nonreportable_net,-0.0583147310441258,560,forward_return_1w
nonreportable,nonreportable long/OI pct vs forward 1w price return,nonreportable_long_oi_pct,-0.022899286681753683,560,forward_return_1w
nonreportable,nonreportable short/OI pct vs forward 1w price return,nonreportable_short_oi_pct,0.06449747691691157,560,forward_return_1w
nonreportable,nonreportable net/OI pct vs forward 2w price return,nonreportable_net_oi_pct,-0.07778894603571411,559,forward_return_2w
nonreportable,nonreportable net contracts vs forward 2w price return,nonreportable_net,-0.07981674457269733,559,forward_return_2w
nonreportable,nonreportable long/OI pct vs forward 2w price return,nonreportable_long_oi_pct,-0.010922933840597015,559,forward_return_2w
nonreportable,nonreportable short/OI pct vs forward 2w price return,nonreportable_short_oi_pct,0.11315065832036743,559,forward_return_2w
nonreportable,nonreportable net/OI pct vs forward 3w price return,nonreportable_net_oi_pct,-0.10761810711520338,558,forward_return_3w
nonreportable,nonreportable net contracts vs forward 3w price return,nonreportable_net,-0.110736110259572,558,forward_return_3w
nonreportable,nonreportable long/OI pct vs forward 3w price return,nonreportable_long_oi_pct,-0.03354893649560747,558,forward_return_3w
nonreportable,nonreportable short/OI pct vs forward 3w price return,nonreportable_short_oi_pct,0.13518011074805444,558,forward_return_3w
nonreportable,nonreportable net/OI pct vs forward 4w price return,nonreportable_net_oi_pct,-0.12485685131127293,557,forward_return_4w
nonreportable,nonreportable net contracts vs forward 4w price return,nonreportable_net,-0.12511006760192836,557,forward_return_4w
nonreportable,nonreportable long/OI pct vs forward 4w price return,nonreportable_long_oi_pct,-0.031313807496003765,557,forward_return_4w
nonreportable,nonreportable short/OI pct vs forward 4w price return,nonreportable_short_oi_pct,0.1651325994279024,557,forward_return_4w
nonreportable,nonreportable net/OI pct vs forward 13w price return,nonreportable_net_oi_pct,-0.11446504727455283,548,forward_return_13w
nonreportable,nonreportable net contracts vs forward 13w price return,nonreportable_net,-0.13935160149642875,548,forward_return_13w
nonreportable,nonreportable long/OI pct vs forward 13w price return,nonreportable_long_oi_pct,0.005293983407751863,548,forward_return_13w
nonreportable,nonreportable short/OI pct vs forward 13w price return,nonreportable_short_oi_pct,0.18845445761011564,548,forward_return_13w
nonreportable,nonreportable net/OI pct vs forward 26w price return,nonreportable_net_oi_pct,-0.11285319779026093,535,forward_return_26w
nonreportable,nonreportable net contracts vs forward 26w price return,nonreportable_net,-0.1580792842615817,535,forward_return_26w
nonreportable,nonreportable long/OI pct vs forward 26w price return,nonreportable_long_oi_pct,0.0523377510559709,535,forward_return_26w
nonreportable,nonreportable short/OI pct vs forward 26w price return,nonreportable_short_oi_pct,0.22647184507322307,535,forward_return_26w
nonreportable,nonreportable net/OI pct vs forward 52w price return,nonreportable_net_oi_pct,0.007776871975226145,509,forward_return_52w
nonreportable,nonreportable net contracts vs forward 52w price return,nonreportable_net,-0.04805038390643107,509,forward_return_52w
nonreportable,nonreportable long/OI pct vs forward 52w price return,nonreportable_long_oi_pct,0.10696419323035897,509,forward_return_52w
nonreportable,nonreportable short/OI pct vs forward 52w price return,nonreportable_short_oi_pct,0.09164189949203061,509,forward_return_52w
