dataset,dataset_label,player,player_key,target,horizon,winner,combined_source_label,combined_better_side,combined_side_edge_pp,combined_abs_side_edge_pp,combined_hac_p,combined_evidence,best_single_source,best_single_source_label,best_single_better_side,best_single_side_edge_pp,best_single_abs_side_edge_pp,best_single_hac_p,best_single_evidence,combined_minus_best_single_abs_edge_pp,combined_positive_avg_return,combined_negative_avg_return,best_single_positive_avg_return,best_single_negative_avg_return,winner_rank,strongest_abs_edge_pp
tff,TFF Detailed,Leveraged Funds,lev_money,NASDAQ-100,26w,combined,Combined SP+NQ-VIX,negative,-7.971016723447924,7.971016723447924,0.3805386974771783,weak/mixed,sp500,S&P 500 only,negative,-7.646536519599623,7.646536519599623,0.3351237618591416,weak/mixed,0.32448020384830123,2.866794796226753,10.837811519674677,3.007706212482668,10.654242732082292,0,7.971016723447924
tff,TFF Detailed,Leveraged Funds,lev_money,S&P 500,26w,combined,Combined SP+NQ-VIX,negative,-5.206699344741864,5.206699344741864,0.3780028295833451,weak/mixed,sp500,S&P 500 only,negative,-4.080233879436755,4.080233879436755,0.4662190290087283,weak/mixed,1.1264654653051087,2.0068690888526395,7.213568433594503,2.9777731465587953,7.0580070259955505,0,5.206699344741864
tff,TFF Detailed,Leveraged Funds,lev_money,NASDAQ-100,13w,combined,Combined SP+NQ-VIX,negative,-4.935818704126012,4.935818704126012,0.3263057685211545,weak/mixed,sp500,S&P 500 only,negative,-4.018334507025078,4.018334507025078,0.5007766874891693,weak/mixed,0.9174841971009338,0.4526172340801098,5.388435938206122,1.2319955572506156,5.250330064275694,0,4.935818704126012
tff,TFF Detailed,Leveraged Funds,lev_money,S&P 500,13w,combined,Combined SP+NQ-VIX,negative,-2.565292433846081,2.565292433846081,0.4147773022965339,weak/mixed,sp500,S&P 500 only,negative,-1.7122985359593248,1.7122985359593248,0.665712114126264,weak/mixed,0.8529938978867564,1.0156756690007873,3.5809681028468683,1.7825895388836621,3.494888074842987,0,2.565292433846081
tff,TFF Detailed,Leveraged Funds,lev_money,NASDAQ-100,4w,combined,Combined SP+NQ-VIX,negative,-2.1729440818392587,2.1729440818392587,0.17540171299360127,weak/mixed,vix_inverse,"VIX only, inverted",positive,0.9379380807014166,0.9379380807014166,0.5215425364585374,none,1.235006001137842,-0.4686265046560869,1.7043175771831718,1.6134717735888007,0.6755336928873841,0,2.1729440818392587
legacy,Legacy,Noncommercial,noncommercial,NASDAQ-100,4w,combined,Combined SP+NQ-VIX,negative,-1.022538381899691,1.022538381899691,0.14699265903955697,weak/mixed,sp500,S&P 500 only,negative,-0.7597720886876578,0.7597720886876578,0.2730193887006701,none,0.26276629321203315,1.159836881532612,2.182375263432303,1.2034930950325948,1.9632651837202526,0,1.022538381899691
tff,TFF Detailed,Leveraged Funds,lev_money,NASDAQ-100,1w,combined,Combined SP+NQ-VIX,negative,-0.6841103459317115,0.6841103459317115,0.24996502213712057,none,nq,NASDAQ-100 only,positive,0.09745966266949385,0.09745966266949385,0.719743625574527,none,0.5866506832622176,-0.2505085422145139,0.43360180371719753,0.4720780755090178,0.37461841283952396,0,0.6841103459317115
tff,TFF Detailed,Leveraged Funds,lev_money,S&P 500,1w,combined,Combined SP+NQ-VIX,negative,-0.46714598191965573,0.46714598191965573,0.3849433140245665,none,nq,NASDAQ-100 only,positive,0.08796253784193703,0.08796253784193703,0.6669703885907186,none,0.3791834440777187,-0.1771579954880225,0.2899879864316332,0.33337528351810825,0.24541274567617122,0,0.46714598191965573
legacy,Legacy,Commercial,commercial,NASDAQ-100,26w,single,Combined SP+NQ-VIX,positive,5.6143734980889395,5.6143734980889395,0.07086148417413708,tentative,sp500,S&P 500 only,positive,6.978892117991817,6.978892117991817,0.017489200862457942,supported,-1.3645186199028778,14.493038934588387,8.878665436499448,14.682229014985618,7.7033368969938,1,6.978892117991817
legacy,Legacy,Noncommercial,noncommercial,NASDAQ-100,26w,single,Combined SP+NQ-VIX,negative,-5.5880384896950535,5.5880384896950535,0.042750518462879125,supported,sp500,S&P 500 only,negative,-6.4234735395551406,6.4234735395551406,0.028902935255595473,supported,-0.8354350498600871,8.210238223579529,13.798276713274582,7.313434154101997,13.736907693657137,1,6.4234735395551406
legacy,Legacy,Noncommercial,noncommercial,S&P 500,26w,single,Combined SP+NQ-VIX,negative,-4.356852801277687,4.356852801277687,0.02035976776840362,supported,sp500,S&P 500 only,negative,-5.2816643925115825,5.2816643925115825,0.003890555981899086,supported,-0.9248115912338957,5.225834161589236,9.582686962866923,4.397092552371672,9.678756944883254,1,5.2816643925115825
legacy,Legacy,Commercial,commercial,S&P 500,26w,single,Combined SP+NQ-VIX,positive,3.9263149980762515,3.9263149980762515,0.051076155823437955,tentative,sp500,S&P 500 only,positive,5.27964588468545,5.27964588468545,0.00915220796499066,supported,-1.3533308866091982,9.792007789512292,5.86569279143604,10.1716965264658,4.89205064178035,1,5.27964588468545
legacy,Legacy,Nonreportable,nonreportable,S&P 500,26w,single,Combined SP+NQ-VIX,negative,-0.9169565553529768,0.9169565553529768,0.7232340504707557,none,nq,NASDAQ-100 only,positive,4.14140712984787,4.14140712984787,0.00895484252408432,supported,-3.2244505744948935,6.587919076248664,7.5048756316016405,9.12705905377192,4.985651923924049,1,4.14140712984787
tff,TFF Detailed,Non-reportable,non_reportable,S&P 500,26w,single,Combined SP+NQ-VIX,negative,-0.9169565553529768,0.9169565553529768,0.7232340504707557,none,nq,NASDAQ-100 only,positive,4.14140712984787,4.14140712984787,0.00895484252408432,supported,-3.2244505744948935,6.587919076248664,7.5048756316016405,9.12705905377192,4.985651923924049,1,4.14140712984787
legacy,Legacy,Nonreportable,nonreportable,NASDAQ-100,26w,single,Combined SP+NQ-VIX,negative,-2.1620616475495833,2.1620616475495833,0.5496756383321741,weak/mixed,sp500,S&P 500 only,negative,-4.095407485686668,4.095407485686668,0.2313316397930999,weak/mixed,-1.9333458381370843,9.622801295307205,11.784862942856789,9.070828822554914,13.166236308241581,1,4.095407485686668
tff,TFF Detailed,Non-reportable,non_reportable,NASDAQ-100,26w,single,Combined SP+NQ-VIX,negative,-2.1620616475495833,2.1620616475495833,0.5496756383321741,weak/mixed,sp500,S&P 500 only,negative,-4.095407485686668,4.095407485686668,0.2313316397930999,weak/mixed,-1.9333458381370843,9.622801295307205,11.784862942856789,9.070828822554914,13.166236308241581,1,4.095407485686668
legacy,Legacy,Commercial,commercial,NASDAQ-100,13w,single,Combined SP+NQ-VIX,positive,2.8621462291946926,2.8621462291946926,0.1941321168202176,weak/mixed,vix_inverse,"VIX only, inverted",positive,3.617237223721224,3.617237223721224,0.04906715447721769,supported,-0.7550909945265314,7.170693226219946,4.308546997025253,8.494718844461595,4.877481620740371,1,3.617237223721224
legacy,Legacy,Noncommercial,noncommercial,NASDAQ-100,13w,single,Combined SP+NQ-VIX,negative,-2.1988048102046687,2.1988048102046687,0.2454973041141606,weak/mixed,vix_inverse,"VIX only, inverted",negative,-3.382865505976852,3.382865505976852,0.06340567212173022,tentative,-1.1840606957721835,4.2196918508089984,6.418496661013667,4.891739976192499,8.27460548216935,1,3.382865505976852
legacy,Legacy,Commercial,commercial,S&P 500,13w,single,Combined SP+NQ-VIX,positive,1.8305750042061795,1.8305750042061795,0.18580620863419506,weak/mixed,sp500,S&P 500 only,positive,2.653131998077564,2.653131998077564,0.04877020494414938,supported,-0.8225569938713844,4.755730481465359,2.9251554772591795,5.048898342264491,2.395766344186927,1,2.653131998077564
legacy,Legacy,Nonreportable,nonreportable,NASDAQ-100,13w,single,Combined SP+NQ-VIX,negative,-1.394212377700618,1.394212377700618,0.5526868836111123,none,sp500,S&P 500 only,negative,-2.598615126205172,2.598615126205172,0.2499658286757469,weak/mixed,-1.2044027485045543,4.6363383459098975,6.030550723610515,4.30214807671004,6.900763202915212,1,2.598615126205172
tff,TFF Detailed,Non-reportable,non_reportable,NASDAQ-100,13w,single,Combined SP+NQ-VIX,negative,-1.394212377700618,1.394212377700618,0.5526868836111123,none,sp500,S&P 500 only,negative,-2.598615126205172,2.598615126205172,0.2499658286757469,weak/mixed,-1.2044027485045543,4.6363383459098975,6.030550723610515,4.30214807671004,6.900763202915212,1,2.598615126205172
legacy,Legacy,Nonreportable,nonreportable,S&P 500,13w,single,Combined SP+NQ-VIX,negative,-0.7070352148338803,0.7070352148338803,0.6683393038914197,none,vix_inverse,"VIX only, inverted",negative,-2.1876628021334787,2.1876628021334787,0.09459897593561468,tentative,-1.4806275872995984,3.1958954929032872,3.9029307077371675,3.051307683753,5.238970485886479,1,2.1876628021334787
tff,TFF Detailed,Non-reportable,non_reportable,S&P 500,13w,single,Combined SP+NQ-VIX,negative,-0.7070352148338803,0.7070352148338803,0.6683393038914197,none,vix_inverse,"VIX only, inverted",negative,-2.1876628021334787,2.1876628021334787,0.09459897593561468,tentative,-1.4806275872995984,3.1958954929032872,3.9029307077371675,3.051307683753,5.238970485886479,1,2.1876628021334787
legacy,Legacy,Noncommercial,noncommercial,S&P 500,13w,single,Combined SP+NQ-VIX,negative,-1.7618761985538027,1.7618761985538027,0.17638536418227083,weak/mixed,sp500,S&P 500 only,negative,-2.122162701007954,2.122162701007954,0.10955019038432551,weak/mixed,-0.36028650245415106,2.72637101701887,4.488247215572673,2.3969420250764037,4.5191047260843575,1,2.122162701007954
tff,TFF Detailed,Other Reportables,other_reportable,NASDAQ-100,26w,single,Combined SP+NQ-VIX,positive,1.2723762574230477,1.2723762574230477,0.726025495234931,none,nq,NASDAQ-100 only,negative,-2.0581781539335857,2.0581781539335857,0.5136855495833216,weak/mixed,-0.785801896510538,11.380481843044722,10.108105585621674,8.911796599902793,10.969974753836379,1,2.0581781539335857
tff,TFF Detailed,Other Reportables,other_reportable,S&P 500,26w,single,Combined SP+NQ-VIX,positive,1.4332132416676497,1.4332132416676497,0.6000504801852085,none,sp500,S&P 500 only,positive,1.7828281688815517,1.7828281688815517,0.47761724445194625,weak/mixed,-0.34961492721390197,8.052768022525774,6.619554780858124,8.358558981826967,6.575730812945415,1,1.7828281688815517
legacy,Legacy,Nonreportable,nonreportable,NASDAQ-100,4w,single,Combined SP+NQ-VIX,negative,-0.626629854793503,0.626629854793503,0.413791864388866,none,sp500,S&P 500 only,negative,-1.1953935654550838,1.1953935654550838,0.10281813292354776,weak/mixed,-0.5687637106615808,1.3746075561157203,2.0012374109092232,1.2186734078835726,2.4140669733386564,1,1.1953935654550838
tff,TFF Detailed,Non-reportable,non_reportable,NASDAQ-100,4w,single,Combined SP+NQ-VIX,negative,-0.626629854793503,0.626629854793503,0.413791864388866,none,sp500,S&P 500 only,negative,-1.1953935654550838,1.1953935654550838,0.10281813292354776,weak/mixed,-0.5687637106615808,1.3746075561157203,2.0012374109092232,1.2186734078835726,2.4140669733386564,1,1.1953935654550838
legacy,Legacy,Commercial,commercial,S&P 500,4w,single,Combined SP+NQ-VIX,positive,0.6225193608954105,0.6225193608954105,0.2985917917918656,none,sp500,S&P 500 only,positive,0.9508808344122364,0.9508808344122364,0.07322710126001956,weak/mixed,-0.3283614735168259,1.52356143648652,0.9010420755911095,1.6562869030413387,0.7054060686291024,1,0.9508808344122364
legacy,Legacy,Nonreportable,nonreportable,S&P 500,4w,single,Combined SP+NQ-VIX,negative,-0.43173118529423793,0.43173118529423793,0.4686011983224603,none,sp500,S&P 500 only,negative,-0.8976903656245993,0.8976903656245993,0.11859639089189297,weak/mixed,-0.4659591803303613,0.9293487692147303,1.3610799545089682,0.7996162035617153,1.6973065691863145,1,0.8976903656245993
tff,TFF Detailed,Non-reportable,non_reportable,S&P 500,4w,single,Combined SP+NQ-VIX,negative,-0.43173118529423793,0.43173118529423793,0.4686011983224603,none,sp500,S&P 500 only,negative,-0.8976903656245993,0.8976903656245993,0.11859639089189297,weak/mixed,-0.4659591803303613,0.9293487692147303,1.3610799545089682,0.7996162035617153,1.6973065691863145,1,0.8976903656245993
tff,TFF Detailed,Other Reportables,other_reportable,NASDAQ-100,1w,single,Combined SP+NQ-VIX,positive,0.037299691639636645,0.037299691639636645,0.8975166737624667,none,vix_inverse,"VIX only, inverted",negative,-0.45407047801141776,0.45407047801141776,0.13115851836038617,weak/mixed,-0.4167707863717811,0.4233708547514056,0.386071163111769,0.020292059325113663,0.47436253733653144,1,0.45407047801141776
tff,TFF Detailed,Other Reportables,other_reportable,S&P 500,1w,single,Combined SP+NQ-VIX,positive,0.025454912776790628,0.025454912776790628,0.9049111639551417,none,vix_inverse,"VIX only, inverted",negative,-0.30029995025905326,0.30029995025905326,0.15641222581176878,weak/mixed,-0.27484503748226263,0.2829898318582494,0.25753491908145876,0.015797645531503177,0.31609759579055646,1,0.30029995025905326
tff,TFF Detailed,Leveraged Funds,lev_money,S&P 500,4w,tie,Combined SP+NQ-VIX,negative,-1.2945069957353452,1.2945069957353452,0.40325092652684125,none,sp500,S&P 500 only,positive,1.129831602156307,1.129831602156307,0.42822502175826305,none,0.16467539357903815,-0.14973590295240347,1.1447710927829418,2.1573571829562175,1.0275255807999104,2,1.2945069957353452
legacy,Legacy,Commercial,commercial,NASDAQ-100,4w,tie,Combined SP+NQ-VIX,positive,1.124677567918051,1.124677567918051,0.15834250051869503,weak/mixed,sp500,S&P 500 only,positive,1.0837213106941745,1.0837213106941745,0.11681458557777316,weak/mixed,0.04095625722387641,2.398267081764523,1.273589513846472,2.24687227997207,1.1631509692778956,2,1.124677567918051
tff,TFF Detailed,Other Reportables,other_reportable,S&P 500,13w,tie,Combined SP+NQ-VIX,positive,1.004129201241334,1.004129201241334,0.5614660562497985,none,sp500,S&P 500 only,positive,0.8763808515825366,0.8763808515825366,0.5702687744547293,none,0.12774834965879744,4.218194898784972,3.214065697543638,4.1295534492640495,3.253172597681513,2,1.004129201241334
tff,TFF Detailed,Other Reportables,other_reportable,NASDAQ-100,13w,tie,Combined SP+NQ-VIX,positive,0.8530556771413025,0.8530556771413025,0.7234302041379259,none,sp500,S&P 500 only,positive,0.7803067915275594,0.7803067915275594,0.7277219531495618,none,0.07274888561374304,5.767336346630935,4.914280669489632,5.7206003348100545,4.940293543282495,2,0.8530556771413025
legacy,Legacy,Noncommercial,noncommercial,S&P 500,4w,tie,Combined SP+NQ-VIX,negative,-0.7719415363379566,0.7719415363379566,0.15625187299973295,weak/mixed,sp500,S&P 500 only,negative,-0.7991496812059229,0.7991496812059229,0.14266315775555866,weak/mixed,-0.0272081448679663,0.753771254790777,1.5257127911287336,0.6754155176312422,1.474565198837165,2,0.7991496812059229
legacy,Legacy,Commercial,commercial,NASDAQ-100,1w,tie,Combined SP+NQ-VIX,positive,0.2772543856525141,0.2772543856525141,0.29433519936065894,none,sp500,S&P 500 only,positive,0.3472871658626455,0.3472871658626455,0.1476348030616835,weak/mixed,-0.07003278021013143,0.5967124967238053,0.31945811107129124,0.6078483300678529,0.26056116420520736,2,0.3472871658626455
legacy,Legacy,Noncommercial,noncommercial,NASDAQ-100,1w,tie,Combined SP+NQ-VIX,negative,-0.2796993376978166,0.2796993376978166,0.22703700716134328,none,sp500,S&P 500 only,negative,-0.2739701886281526,0.2739701886281526,0.23336786516626495,none,0.005729149069663986,0.2787678377454534,0.55846717544327,0.25821618831273696,0.5321863769408895,2,0.2796993376978166
legacy,Legacy,Noncommercial,noncommercial,S&P 500,1w,tie,Combined SP+NQ-VIX,negative,-0.2038677047033929,0.2038677047033929,0.25056632774900267,none,sp500,S&P 500 only,negative,-0.27557333114850135,0.27557333114850135,0.1251964934660893,weak/mixed,-0.07170562644510844,0.1789468044917399,0.3828145091951328,0.12630842350196925,0.4018817546504706,2,0.27557333114850135
legacy,Legacy,Commercial,commercial,S&P 500,1w,tie,Combined SP+NQ-VIX,positive,0.17690548454110686,0.17690548454110686,0.38645765831004286,none,sp500,S&P 500 only,positive,0.2553560714466041,0.2553560714466041,0.16417388132353825,weak/mixed,-0.07845058690549725,0.39229714997279613,0.21539166543168928,0.4201763399805488,0.1648202685339447,2,0.2553560714466041
legacy,Legacy,Nonreportable,nonreportable,NASDAQ-100,1w,tie,Combined SP+NQ-VIX,negative,-0.20578372322210692,0.20578372322210692,0.4321227617116296,none,nq,NASDAQ-100 only,negative,-0.24411834957778444,0.24411834957778444,0.27909500448714314,none,-0.038334626355677526,0.32762821902476325,0.5334119422468702,0.2680398670880021,0.5121582166657865,2,0.24411834957778444
tff,TFF Detailed,Non-reportable,non_reportable,NASDAQ-100,1w,tie,Combined SP+NQ-VIX,negative,-0.20578372322210692,0.20578372322210692,0.4321227617116296,none,nq,NASDAQ-100 only,negative,-0.24411834957778444,0.24411834957778444,0.27909500448714314,none,-0.038334626355677526,0.32762821902476325,0.5334119422468702,0.2680398670880021,0.5121582166657865,2,0.24411834957778444
tff,TFF Detailed,Other Reportables,other_reportable,NASDAQ-100,4w,tie,Combined SP+NQ-VIX,negative,-0.01846900186296052,0.01846900186296052,0.9838170151161914,none,sp500,S&P 500 only,negative,-0.22303391204565415,0.22303391204565415,0.8172342535780333,none,-0.20456491018269363,1.5639441597671018,1.5824131616300623,1.4003984239485712,1.6234323359942253,2,0.22303391204565415
legacy,Legacy,Nonreportable,nonreportable,S&P 500,1w,tie,Combined SP+NQ-VIX,negative,-0.13195650996290115,0.13195650996290115,0.5213937784894456,none,nq,NASDAQ-100 only,negative,-0.20302532782217034,0.20302532782217034,0.25055428538504476,none,-0.07106881785926919,0.22039326863785225,0.3523497786007534,0.15816165450956501,0.36118698233173535,2,0.20302532782217034
tff,TFF Detailed,Non-reportable,non_reportable,S&P 500,1w,tie,Combined SP+NQ-VIX,negative,-0.13195650996290115,0.13195650996290115,0.5213937784894456,none,nq,NASDAQ-100 only,negative,-0.20302532782217034,0.20302532782217034,0.25055428538504476,none,-0.07106881785926919,0.22039326863785225,0.3523497786007534,0.15816165450956501,0.36118698233173535,2,0.20302532782217034
tff,TFF Detailed,Other Reportables,other_reportable,S&P 500,4w,tie,Combined SP+NQ-VIX,positive,0.17770488182550315,0.17770488182550315,0.7876361746584573,none,vix_inverse,"VIX only, inverted",positive,0.1622406504733671,0.1622406504733671,0.766483233889117,none,0.015464231352136038,1.2089367537494653,1.0312318719239622,1.2031938392137562,1.0409531887403891,2,0.17770488182550315
