dataset,market,category,position_change_metric,horizon,increase_n,increase_mean_return,increase_median_return,increase_hit_rate,increase_stdev,decrease_n,decrease_mean_return,decrease_median_return,decrease_hit_rate,decrease_stdev,mean_diff_up_minus_down,welch_t,normal_p_approx,mean_diff_pct_points
tff_disaggregated,sp500,other_reportable,net_oi_pct_change,1w_post_release,268,0.005199107974818164,0.005195716791974503,0.6492537313432836,0.024244303892662213,269,0.00042285515262491843,0.0012934302662681585,0.5353159851301115,0.022521581135769575,0.004776252822193246,2.3649410847754293,0.018032939362424488,0.47762528221932454
tff_disaggregated,nq,other_reportable,net_oi_pct_change,1w_post_release,283,0.0062165046343637086,0.006527709908193957,0.6113074204946997,0.028632074256191645,276,0.0021398182057469875,0.0025891511320265126,0.5543478260869565,0.02789725634115979,0.0040766864286167215,1.705058639052205,0.08818348856454086,0.40766864286167215
tff_disaggregated,nq,asset_mgr,net_oi_pct_change,1w_post_release,259,0.006352772656965372,0.007583737583737538,0.6254826254826255,0.02886617428819579,300,0.0023483083938568897,0.0025891511320265126,0.5466666666666666,0.027754070079676806,0.004004464263108482,1.6649416575098654,0.09592439614848408,0.4004464263108482
legacy,sp500,noncommercial,net_oi_pct_change,1w_post_release,274,0.003659646577652773,0.00420692909910525,0.5985401459854015,0.023290079968455717,263,0.0019177407263517542,0.0036074948732411904,0.5855513307984791,0.023722870080735824,0.001741905851301019,0.8582284504640773,0.3907663290232012,0.1741905851301019
tff_disaggregated,sp500,asset_mgr,net_oi_pct_change,1w_post_release,240,0.003527769199247692,0.004809574956636031,0.6041666666666666,0.02253258483314398,297,0.0022237184023162463,0.003226667520847215,0.5824915824915825,0.024270904014901253,0.001304050796931446,0.6441102057618923,0.5195039728151294,0.1304050796931446
tff_disaggregated,nq,lev_money,net_oi_pct_change,1w_post_release,297,0.003628111979360831,0.004250284871205601,0.5723905723905723,0.02910482105675666,262,0.004856150299392868,0.006218798971682871,0.5954198473282443,0.027443880494260543,-0.0012280383200320372,-0.513161953882408,0.6078380371139326,-0.12280383200320372
tff_disaggregated,nq,dealer,net_oi_pct_change,1w_post_release,291,0.004778494386788321,0.006180547533787495,0.5945017182130584,0.029207418612743775,268,0.0035795476483421523,0.003972655836886663,0.5708955223880597,0.027364471620887624,0.001198946738446169,0.5010593120671787,0.6163293809920494,0.1198946738446169
legacy,sp500,commercial,net_oi_pct_change,1w_post_release,267,0.002529328752018719,0.0038350101735600273,0.602996254681648,0.024332267931007692,270,0.003080659987105086,0.003248951850679971,0.5814814814814815,0.022683234676010636,-0.000551331235086367,-0.27151881668769784,0.7859920294642257,-0.0551331235086367
legacy,nq,total_reportable,net_oi_pct_change,1w_post_release,289,0.004468551136368438,0.004554236496336461,0.5778546712802768,0.028816591427893314,270,0.003920182807039332,0.005558403594299266,0.5888888888888889,0.02782908656351678,0.0005483683293291053,0.2288505214626848,0.8189850981430931,0.05483683293291053
tff_disaggregated,nq,non_reportable,net_oi_pct_change,1w_post_release,270,0.003920182807039332,0.005558403594299266,0.5888888888888889,0.02782908656351678,289,0.004468551136368438,0.004554236496336461,0.5778546712802768,0.028816591427893314,-0.0005483683293291053,-0.2288505214626848,0.8189850981430931,-0.05483683293291053
legacy,nq,nonreportable,net_oi_pct_change,1w_post_release,270,0.003920182807039332,0.005558403594299266,0.5888888888888889,0.02782908656351678,289,0.004468551136368438,0.004554236496336461,0.5778546712802768,0.028816591427893314,-0.0005483683293291053,-0.2288505214626848,0.8189850981430931,-0.05483683293291053
legacy,nq,noncommercial,net_oi_pct_change,1w_post_release,282,0.0044238385060118126,0.004138832172770668,0.574468085106383,0.027307603780566268,277,0.00397956020799916,0.0065062727277525045,0.592057761732852,0.029362457191523895,0.00044427829801265296,0.18516717983638248,0.8530979106113475,0.04442782980126529
tff_disaggregated,sp500,dealer,net_oi_pct_change,1w_post_release,297,0.0029572779835536226,0.004264814133235095,0.6127946127946128,0.023992666266525322,240,0.0026199892174664386,0.002457245247165729,0.5666666666666667,0.022917898627713564,0.00033728876608718397,0.166035951894297,0.8681286573132914,0.0337288766087184
tff_disaggregated,sp500,lev_money,net_oi_pct_change,1w_post_release,266,0.002908020963369725,0.0038428408237667355,0.6015037593984962,0.02383252606459044,271,0.0027069202843211233,0.0036074948732411904,0.5830258302583026,0.023207144057289512,0.0002011006790486017,0.09904338264130548,0.9211038250520416,0.020110067904860168
tff_disaggregated,sp500,non_reportable,net_oi_pct_change,1w_post_release,277,0.00275772070391985,0.004149044064975405,0.5992779783393501,0.02137086766156342,260,0.0028585397627752802,0.0031473862014193,0.5846153846153846,0.025610875200926177,-0.00010081905885543033,-0.04936216570578308,0.9606306787793378,-0.010081905885543033
legacy,sp500,total_reportable,net_oi_pct_change,1w_post_release,260,0.0028585397627752802,0.0031473862014193,0.5846153846153846,0.025610875200926177,277,0.00275772070391985,0.004149044064975405,0.5992779783393501,0.02137086766156342,0.00010081905885543033,0.04936216570578308,0.9606306787793378,0.010081905885543033
legacy,sp500,nonreportable,net_oi_pct_change,1w_post_release,277,0.00275772070391985,0.004149044064975405,0.5992779783393501,0.02137086766156342,260,0.0028585397627752802,0.0031473862014193,0.5846153846153846,0.025610875200926177,-0.00010081905885543033,-0.04936216570578308,0.9606306787793378,-0.010081905885543033
legacy,nq,commercial,net_oi_pct_change,1w_post_release,272,0.004194728685898945,0.007234031358013704,0.5955882352941176,0.029526576394563506,287,0.004212175727340018,0.0034555075109437006,0.5714285714285714,0.027178657202561005,-1.744704144107309e-05,-0.007257633039971128,0.9942092974853203,-0.0017447041441073091
