dataset,market,category,position_change_metric,horizon,pearson_r,observations,abs_r
tff_disaggregated,sp500,other_reportable,net_oi_pct_change,1d_post_release,-0.1503031987149921,537,0.1503031987149921
legacy,sp500,noncommercial,net_oi_pct_change,2d_post_release,0.1264824082446794,537,0.1264824082446794
legacy,sp500,noncommercial,net_oi_pct_change,3d_post_release,0.11693557515604287,537,0.11693557515604287
legacy,sp500,commercial,net_oi_pct_change,2d_post_release,-0.09973103371444755,537,0.09973103371444755
legacy,sp500,commercial,net_oi_pct_change,3d_post_release,-0.09955390139103047,537,0.09955390139103047
legacy,sp500,noncommercial,net_oi_pct_change,1d_post_release,0.0933685046412529,537,0.0933685046412529
tff_disaggregated,sp500,asset_mgr,net_oi_pct_change,2w_post_release,0.08428576037779939,536,0.08428576037779939
tff_disaggregated,sp500,lev_money,net_oi_pct_change,2d_post_release,0.0842793060500981,537,0.0842793060500981
legacy,sp500,commercial,net_oi_pct_change,1d_post_release,-0.08390859322261887,537,0.08390859322261887
tff_disaggregated,nq,other_reportable,net_oi_pct_change,2d_post_release,-0.07815361005656314,559,0.07815361005656314
legacy,nq,nonreportable,net_oi_pct_change,4w_post_release,-0.07786672115406754,555,0.07786672115406754
tff_disaggregated,nq,non_reportable,net_oi_pct_change,4w_post_release,-0.07786672115406754,555,0.07786672115406754
legacy,nq,total_reportable,net_oi_pct_change,4w_post_release,0.07783742396417839,555,0.07783742396417839
legacy,nq,nonreportable,net_oi_pct_change,2w_post_release,-0.07509282532225035,558,0.07509282532225035
tff_disaggregated,nq,non_reportable,net_oi_pct_change,2w_post_release,-0.07509282532225035,558,0.07509282532225035
legacy,nq,total_reportable,net_oi_pct_change,2w_post_release,0.07508602906463692,558,0.07508602906463692
tff_disaggregated,nq,other_reportable,net_oi_pct_change,1d_post_release,-0.07467655593717894,559,0.07467655593717894
tff_disaggregated,nq,asset_mgr,net_oi_pct_change,1d_post_release,0.0722385225961635,559,0.0722385225961635
tff_disaggregated,sp500,asset_mgr,net_oi_pct_change,1d_post_release,0.06811685136104488,537,0.06811685136104488
tff_disaggregated,sp500,dealer,net_oi_pct_change,1d_post_release,-0.06764112821996426,537,0.06764112821996426
legacy,nq,total_reportable,net_oi_pct_change,2d_post_release,0.06135259096686454,559,0.06135259096686454
tff_disaggregated,nq,non_reportable,net_oi_pct_change,2d_post_release,-0.061338587009830206,559,0.061338587009830206
legacy,nq,nonreportable,net_oi_pct_change,2d_post_release,-0.061338587009830206,559,0.061338587009830206
tff_disaggregated,sp500,other_reportable,net_oi_pct_change,13w_post_release,-0.059868406802371446,524,0.059868406802371446
legacy,nq,commercial,net_oi_pct_change,4w_post_release,0.05947505422842276,555,0.05947505422842276
